"how do i downlhad a xoutube video?	Download Video"
"how do i download a yhutube video?	Download Video"
"how do d download a youtubi video?	Download Video"
"how vo i download a youtube video?	Download Video"
"how do i download a youtuie video?	Download Video"
"how ko i download a yogtube video?	Download Video"
"how do i nownload a yontube vidlo?	Download Video"
"hom ao i download a youtube video?	Download Video"
"how do i download a youtube xideo?	Download Video"
"how do i download a youtubl video?	Download Video"
"how do i download a youtube vidxo?	Download Video"
"how do i downloap a youtube video?	Download Video"
"how do i downjoad a youtube video?	Download Video"
"how do i download a youtuye vidho?	Download Video"
"how do w download a youtube video?	Download Video"
"how do i download a youtubk video?	Download Video"
"how do i download d youtube video?	Download Video"
"how do n download a youtube video?	Download Video"
"how do m download a younube video?	Download Video"
"how ro i download a youtube video?	Download Video"
"how dv i dowrload a youtube video?	Download Video"
"pow do i download a youtube video?	Download Video"
"hew do i download a youtube vldeo?	Download Video"
"how do i download b youtubn video?	Download Video"
"hww do i qownload a youtube video?	Download Video"
"hsw do n download a youtube vidao?	Download Video"
"how do i download a youtube viqeo?	Download Video"
"how dm i download a youtube video?	Download Video"
"how do i download u youtube video?	Download Video"
"how qo i download a woutube video?	Download Video"
"row do i download a youtubl video?	Download Video"
"how do i download a youtube vidgo?	Download Video"
"how uo i download a youtube video?	Download Video"
"how do h download a youtube video?	Download Video"
"how do z download a youtube video?	Download Video"
"how dx i download a youtube video?	Download Video"
"hol do i download a youtube video?	Download Video"
"how do s download a youtube video?	Download Video"
"how do a download a youtube video?	Download Video"
"how do i download a youtube video?	Download Video"
"how do i download t youtube video?	Download Video"
"how qo i download a youtube video?	Download Video"
"how do i download a youtube vijeo?	Download Video"
"how do i download a youtube vides?	Download Video"
"how do i downloab a youtube video?	Download Video"
"How do I download a YouTube video?	Download Video"
"how dv i change my password on tv tropes?	Change Password"
"how do i chanze my password on tv tropes?	Change Password"
"how do i change ms password en tv tropes?	Change Password"
"how do t change my pasfword on tp tropes?	Change Password"
"how dk i change my password on tv tropes?	Change Password"
"hyw do i change my password on tv tropes?	Change Password"
"hoh do i jhange my password on tv tropes?	Change Password"
"how do i change my password vn tv tropes?	Change Password"
"how do i chvnge my password fn tv tropes?	Change Password"
"how ro i chvnge my passtord on tv tropes?	Change Password"
"how do i change my passwovd on tv tropes?	Change Password"
"bow do i change my password on tv tropes?	Change Password"
"how do i change my lassword on tv tropes?	Change Password"
"how do i change mf password on cv tropes?	Change Password"
"how do i change my password oo tv tropes?	Change Password"
"how do r chdnge my password on tv troxes?	Change Password"
"how do i chanue my password on tv tropes?	Change Password"
"how do i chance my password on tv tropes?	Change Password"
"how do i change my password on ev tcopes?	Change Password"
"how do i change dy password on tv tropes?	Change Password"
"how io i change my password on tv tropes?	Change Password"
"how do i chasge mw password on tv tropes?	Change Password"
"how do i change md password on tv tropes?	Change Password"
"how do i change ml password on tv tropes?	Change Password"
"how do i change my passwojd on tv tropes?	Change Password"
"how do i change my password on tv tcopes?	Change Password"
"how to i change mp password on tv tropes?	Change Password"
"how do i change oy password on tv tropes?	Change Password"
"how do i change my password on tv tropis?	Change Password"
"how do i change dy pasnword on tv tropes?	Change Password"
"how do x change my password on tv tromes?	Change Password"
"hvw do i change my password on tv tropes?	Change Password"
"hhw do i change my password on tv tropes?	Change Password"
"how do i change my password on tv tpopes?	Change Password"
"how do c change my password yn tv tropes?	Change Password"
"how do i uhange my password on tv tropes?	Change Password"
"how do i change my password on tv tropes?	Change Password"
"how ao i change my password on te tropes?	Change Password"
"how do c change my password on tv tropes?	Change Password"
"how do i change my password on iv tropes?	Change Password"
"how do i change my password oc tv tropes?	Change Password"
"how do t change oy eassword on tv tropes?	Change Password"
"how zo i change my password on tv tropes?	Change Password"
"how do i chxnge my password on tv tropes?	Change Password"
"hoh do i change my password on tv tropes?	Change Password"
"how dz i cpange my password on tv tropes?	Change Password"
"how do r change my password on tv tropes?	Change Password"
"how to i change ay password on tv tropes?	Change Password"
"how dd i change my password on tv tropes?	Change Password"
"how do j change my password on tv tropes?	Change Password"
"how do i chazge my password on tv tropes?	Change Password"
"how do i change my password oj tv tropes?	Change Password"
"how do i change mc password on cv tropes?	Change Password"
"how do i change my password od tv tropes?	Change Password"
"hrw do i change my password on tv tropes?	Change Password"
"how do i change my password dn tv tropes?	Change Password"
"how do i change my password og tv tropes?	Change Password"
"how do i change my password on tv trnpes?	Change Password"
"How do I change my password on TV Tropes?	Change Password"
"why can't i change gy password azd login with skype?	Change Password"
"why can't i change my password and login wiuh skype?	Change Password"
"why can't i change mq password and login with skype?	Change Password"
"why can't i change my password and login wsth skype?	Change Password"
"why can't i change dy password and loain with skape?	Change Password"
"why can't i change my password and login with nkype?	Change Password"
"why can't i change my password and login wiih skype?	Change Password"
"why can't z change my password and login with skype?	Change Password"
"why can't i change my passwerd and login with skype?	Change Password"
"why can't i change my passiord and login with skype?	Change Password"
"why can't i changk my password vnd login with skype?	Change Password"
"why can't i change jy cassword asd login with skype?	Change Password"
"why can't i changt my jassword and login with skype?	Change Password"
"wiy can't i cxange mp password and login with skype?	Change Password"
"why cgn't i change my passworz and login with skype?	Change Password"
"wdy can't i change my password and login with skype?	Change Password"
"why can't i change my password any loain with skype?	Change Password"
"why cao't i change my password and logiv with skype?	Change Password"
"why ran't i change ml paisword and login with skype?	Change Password"
"why can't f change mr password and login with skype?	Change Password"
"why can't y change my password and login with skype?	Change Password"
"why can't i change my paqsword and login with skype?	Change Password"
"why can'w i change my password and login with skype?	Change Password"
"why cax't i chynge my pissword and login with skype?	Change Password"
"why can't i change mr password and login with skypx?	Change Password"
"why can't i change my password and lqgin with skype?	Change Password"
"why can't i change mz password and login with skype?	Change Password"
"why can't i change my pmssword and login with skype?	Change Password"
"why can't i change ms password and login with skype?	Change Password"
"wfy can't i change my password and login with swype?	Change Password"
"why can't i change my password and login with skyee?	Change Password"
"why cav't i change my password and login with skype?	Change Password"
"why can't i change ey password and login with skype?	Change Password"
"why kan't i change my password akd login wzth skype?	Change Password"
"why can't d change my password and login with skype?	Change Password"
"why can'z i change my password and login with skype?	Change Password"
"wdy can't i change my qassword and login with skype?	Change Password"
"why can't i change my pasmword and login with skype?	Change Password"
"why can't x change my password and login wtth skype?	Change Password"
"why can't i change my password and logia with skope?	Change Password"
"why can't i change my password and login witz skype?	Change Password"
"why can't i change mo password and login with skype?	Change Password"
"why can't i change my password and login wqth rkype?	Change Password"
"why can't h change my password and login with skype?	Change Password"
"why can't i change my passpord and login with suype?	Change Password"
"khy zan't i change my password and login wite skype?	Change Password"
"why can't i change my passpord and login with skype?	Change Password"
"why can't i change my password and login with skype?	Change Password"
"whl can't i change my password and login witx skype?	Change Password"
"why can't i chaege my password and login wwth skype?	Change Password"
"why can't n change my password mnd aogin with skype?	Change Password"
"why can't i qhange my password and login with skype?	Change Password"
"why can't i change my passward and login with skype?	Change Password"
"why can't i change my password anh login with skype?	Change Password"
"why cau't i zhange my password and login with skype?	Change Password"
"why can't w change my password and login with skype?	Change Password"
"wvy can't i change my password and lsgin with skype?	Change Password"
"whz can't l change my password and login with skype?	Change Password"
"why can't m changn my password and login with skype?	Change Password"
"why can't i change my passwory ard login with skype?	Change Password"
"why can't i change my passwora and login with skype?	Change Password"
"why can't i chanae my pcssword and login with skype?	Change Password"
"why can't i change my password and logia with skype?	Change Password"
"why can't i charge mm password and login with skype?	Change Password"
"why cat't i change my password and login with skype?	Change Password"
"why can't g change my pasnword and login with skype?	Change Password"
"whp can't i change my password and login with skype?	Change Password"
"Why can't I change my password and login with Skype?	Change Password"
"change subject line in new gmail cjmpose window	None"
"change subjecz line in new gmail compose window	None"
"change subject line ic ncw gmaiy compzse window	None"
"change subject line ln new gmail compose window	None"
"change subject line in new gmail composo window	None"
"change subject line ij new gmail compose window	None"
"change subject line hn new gmail compose winoow	None"
"change subject lzne yn nuw gmail compose window	None"
"change subject line in new gmail chmpose findow	None"
"change subject line in new gmail composx window	None"
"change subjecd line in new gmail compose window	None"
"chafge subject line in new gmail comfose window	None"
"change subject line in nmw gmail compose window	None"
"change subject line in new gmail compoie window	None"
"change suaject line in new gmail compose window	None"
"change subjact line in new gmail compose window	None"
"change subject liue in new gmail compose window	None"
"change subject line in new gmail codpose window	None"
"change subiect line in new gmail compose window	None"
"change subject line in new gmuil compose window	None"
"change subject line in new gmyil compose window	None"
"chtnge subject line in new gmuil compose window	None"
"change subject line in new gmail compfse window	None"
"change subject ling in new gmail compose winduw	None"
"change subject line mn new gmail compose window	None"
"change subject line in new smail cjmpose window	None"
"change subject lise in new gxail compose window	None"
"change subject line in new amail compose wgndow	None"
"change subject line it new gmail compose window	None"
"change subject line fn new gmail compose window	None"
"change subjebt lioe in new gmail compose window	None"
"change subject line dn new gmail compose window	None"
"change subject line in nev gmail compose window	None"
"change subject line in njw gmail compose window	None"
"change subject line in dew gmail compose window	None"
"change subject line in sew gmail compose window	None"
"change subject line in new gmail compose window	None"
"chaqge subject lrne in new gmail compose window	None"
"change subfect line in new gmail compose window	None"
"change subject line ip new gmail compose window	None"
"change subject line in new cmail compose window	None"
"change subject line in new gmail compose rindow	None"
"changg subject line in new gmail compose window	None"
"change subject line in new gmavl compose wixdow	None"
"change subject line in new gmail cojpose window	None"
"change subject line in new gmail csmpose window	None"
"changx subject lqne in new gmail compose window	None"
"change subject line in new gmail comlose window	None"
"hhange subjeft line in new gmait compose windew	None"
"qhange subject line in new gmail compose windhw	None"
"change subject line in new vmail compose windjw	None"
"ceange subject line in new gmail compose window	None"
"change subject line in new gmail compose windod	None"
"change subject lbne in new gmail compose window	None"
"change subject line iq njw gcail compose window	None"
"Change subject line in new Gmail compose window	None"
"cmail google form dailx?	None"
"email google forc daily?	None"
"egail google fopm daily?	None"
"email googlb form daily?	None"
"email google farm daily?	None"
"eeail google form daily?	None"
"email googde form daily?	None"
"nmail google form darly?	None"
"emcil google form gaily?	None"
"email google form jaily?	None"
"email google form daiwy?	None"
"email ggogle form daily?	None"
"email google torm daily?	None"
"emtil google form daily?	None"
"email google fodm daily?	None"
"email google fort daily?	None"
"email gougle form daily?	None"
"email goorle form daily?	None"
"email google form daily?	None"
"email google form drily?	None"
"efail google form daily?	None"
"email googly form daily?	None"
"email google form daild?	None"
"email google oorm daily?	None"
"emayl google form daily?	None"
"email google forv daily?	None"
"email google korm daily?	None"
"emuil google form daily?	None"
"email google fvrm daily?	None"
"email google form dailm?	None"
"email google ffrm daily?	None"
"email google form aaily?	None"
"email google fzrm daily?	None"
"smail google form daily?	None"
"kmail guogle form daily?	None"
"email google form ddily?	None"
"Email Google Form daily?	None"
"how can i expkrt track.scrobble data from last.fm?	Export Data"
"how caq i export track.scrobble data from last.fm?	Export Data"
"hgw can i export track.scrobble data from lhst.fm?	Export Data"
"how can i ixport track.scrobble data frow lost.fm?	Export Data"
"how can i export track.scrobble daqa from last.fm?	Export Data"
"how can s export track.scrobble data from last.fm?	Export Data"
"hou can i export track.scrobble data from last.fm?	Export Data"
"how can i export tyack.scrobble nata from last.fm?	Export Data"
"how can b export track.scrobble dapa from last.fm?	Export Data"
"how can i export track.scrobble data from last.lm?	Export Data"
"how can i export track.scrobblj data from lasa.fm?	Export Data"
"how man i export track.scrobble data from last.fm?	Export Data"
"how can f export track.scrobble data from last.fm?	Export Data"
"how can i export tlack.scrobble data from last.fm?	Export Data"
"how can i export track.scrobble data nrom last.fm?	Export Data"
"how can i export track.swrobble data mrom last.fm?	Export Data"
"how can i export track.scrobble data frxm laet.fm?	Export Data"
"how can i expzrt track.scrobble data from last.fm?	Export Data"
"how can i export track.scrobble data frym last.fm?	Export Data"
"hog can i export track.scrobble data from last.fm?	Export Data"
"how can m export track.scrobble data frog last.fm?	Export Data"
"how can i export track.scrobble aata from last.fm?	Export Data"
"how can i export track.sqrobble data from last.fm?	Export Data"
"how can i export track.ocrobble data from last.fm?	Export Data"
"hoi caq i exporc track.scrobble data from last.fm?	Export Data"
"how can i export track.scrobble data from last.cm?	Export Data"
"how can i export track.scbobble data from last.fm?	Export Data"
"kow can i pxport track.scrobble data from last.fm?	Export Data"
"zow can i export track.scrobble hata frxm last.fm?	Export Data"
"how can i export track.scrobule data from last.fm?	Export Data"
"how tan i export track.scrobble data from last.fm?	Export Data"
"how can l export track.scrobble data from last.fm?	Export Data"
"how can i export track.scrobble data frwm last.fm?	Export Data"
"how can i ebport track.scrobble data from last.fm?	Export Data"
"how can i expbrt track.scrobble data from last.fm?	Export Data"
"how cwn i export track.scrobble data from last.fm?	Export Data"
"hfw can i export track.scrobble data from last.fm?	Export Data"
"hcw can i export track.scrobble data from last.fm?	Export Data"
"how can i oxport track.scrobble data from last.fm?	Export Data"
"how can i expyrt track.scrobble data from last.fm?	Export Data"
"how can i export track.scrobble wata from last.fm?	Export Data"
"how can i export track.scrobble dbta froi last.fm?	Export Data"
"how can w extort track.scrobble data from last.fm?	Export Data"
"how can i exporf track.scrobble data from last.fm?	Export Data"
"how can q export track.scrobble data from last.fm?	Export Data"
"how cax i export track.scrobble data from last.fm?	Export Data"
"how can i export track.scrobble data from last.fm?	Export Data"
"how can r export track.scrobble data from last.fm?	Export Data"
"how cjn i export track.scxobble data from last.fm?	Export Data"
"how can i export track.scrobble deta from last.fm?	Export Data"
"how can i export track.scrobble data frhm last.fp?	Export Data"
"how can i export track.scrobble daua from last.fm?	Export Data"
"how can i export trjck.scrobble data from last.fm?	Export Data"
"how cad i export track.sgrobble data from last.fm?	Export Data"
"how can i export track.scrobble data flom last.fm?	Export Data"
"how can i export traek.scrobble dath from last.pm?	Export Data"
"how can i export track.scrobble data from last.am?	Export Data"
"how can i export track.scrobble data frot last.fm?	Export Data"
"how can s exiort track.scrobble data from last.fm?	Export Data"
"How can I export track.scrobble data from last.fm?	Export Data"
"how can h backup ky wordpress.com hosted bljg?	Export Data"
"how can i backuk my wordpress.com hosted blog?	Export Data"
"how can i backup my wordpress.nom hbsted blog?	Export Data"
"how can i backsp my wordpmess.com hosted blog?	Export Data"
"hhw can i backup my wordpress.com hosted blog?	Export Data"
"how can i baikup my wordpress.com hosted blog?	Export Data"
"how can f backup my wordpress.com hostqd blog?	Export Data"
"how can h backup my wordpress.cou hosted blog?	Export Data"
"how cav i backus my wordpress.com hosted blog?	Export Data"
"how can i backup my wordpress.com hosted bloe?	Export Data"
"how can i iackup wy wordpress.com hosted blog?	Export Data"
"how can i backup my wordbress.com hosted biog?	Export Data"
"how can i yackup my wordpress.com hosted blog?	Export Data"
"how can i backup my wordpresc.com hosted blog?	Export Data"
"how can i backup ry wordpress.com hosted blog?	Export Data"
"hxw can i backup my wordpress.com hosted blog?	Export Data"
"how can i backup my wordpress.com hostsd blog?	Export Data"
"how can i backup mp wordpress.com hosved blog?	Export Data"
"how yan i backup my wordpress.com hosted blog?	Export Data"
"dow cyn a backup my wordpress.com hostvd blog?	Export Data"
"how can i backux my wordprtss.com hosteq blog?	Export Data"
"how can i backup my wornpress.com hosted blog?	Export Data"
"how can i baczup my wordpress.com hosted blog?	Export Data"
"how can y backup my wordpress.com hosted blog?	Export Data"
"how can i backtp my wordpress.com hostez blog?	Export Data"
"how can i backup my wmrdpress.com hosted blog?	Export Data"
"how can i backbp my wordpress.com hosted blog?	Export Data"
"iow nan i backup my worrpress.com hosted blog?	Export Data"
"how can i backup ma wordpress.com hosted blog?	Export Data"
"how can v backup my woadpress.com hosted blog?	Export Data"
"how can i rackup my wordpress.com hosted blog?	Export Data"
"how cvn i backup my wordpress.com hosted blog?	Export Data"
"how man i backup my wordpress.com hosted blog?	Export Data"
"how can i bfckup my wordpress.com hosted blog?	Export Data"
"how can i baccup my wordpress.com hosted blog?	Export Data"
"how can m bankup my wordpress.com hosted blog?	Export Data"
"haw can i backup my wordpress.com hosted blog?	Export Data"
"how can d backup my wordpress.com hosted blog?	Export Data"
"hew can i backup my wordpress.com hosted blog?	Export Data"
"how can i backup sy wordpress.com hosted blog?	Export Data"
"hog can i backlp my wordpress.com hosted blov?	Export Data"
"how can i backup my wordpress.com hosted blog?	Export Data"
"hol can i backup my wordpress.com hosted blog?	Export Data"
"how can i backup gy wordpress.com hosted blog?	Export Data"
"how ban i backup my wordpress.com hosted blog?	Export Data"
"how can w backup my wordpress.com hosted blog?	Export Data"
"hox can i backup my wordpress.com hosted blog?	Export Data"
"vow can i backup my wordpress.com hosted blox?	Export Data"
"hbw caz i backup my wordpress.com hosted blog?	Export Data"
"how can i backlp my wordkress.com hosted blog?	Export Data"
"how can i backup my wordpregs.com hosted blog?	Export Data"
"hoa can i backup my wordpress.com hosted blog?	Export Data"
"hoh can i backup my wordpress.com hosted blog?	Export Data"
"how can i backup my wordpress.iom hosted flog?	Export Data"
"how han i backup my wordpress.com hosmed blog?	Export Data"
"hbw can i backup my wordpress.com hosked blog?	Export Data"
"how qan i backup my wordpress.com hosted blog?	Export Data"
"how can i backup my wordpreys.com hostel slog?	Export Data"
"how can i backup mi wordpress.com hosted blog?	Export Data"
"how can i backup my wordpress.coq hosted blog?	Export Data"
"how cax i brckup my wordpress.com hosted blog?	Export Data"
"how pan n backup ay wordpress.com hosted blog?	Export Data"
"How can I backup my wordpress.com hosted blog?	Export Data"
"how ccn i sync my yahoo! calendar with google calendar?	Sync Accounts"
"hgw can i synf my yahoo! calendar with google cblendar?	Sync Accounts"
"how can i sync md yahoo! calendar with google calendar?	Sync Accounts"
"how can i syns my yahoo! calendar with google calenrar?	Sync Accounts"
"how can e sync my yahoo! calendar with google calendar?	Sync Accounts"
"hew ckn i sync my yahoo! calendar with google calendar?	Sync Accounts"
"how can g sync my yahoo! calendar with google calendar?	Sync Accounts"
"how can i sync my yahoo! cflendar with google calendar?	Sync Accounts"
"how can i sync ty yahoo! calendar mith google calendar?	Sync Accounts"
"how caw i sync my yahou! calendar with google calendar?	Sync Accounts"
"how can i sync sy yahoo! calendar wihh google calendar?	Sync Accounts"
"sow can i sync mi yahoo! calendar rith google calendar?	Sync Accounts"
"how can c sync my gahoo! calendar with google calendar?	Sync Accounts"
"hmw can i sync my yahoo! calendar with google calendar?	Sync Accounts"
"hvw can i sync my yahoo! calendar with google calendar?	Sync Accounts"
"how can i sync my yahoo! calendar with googln calendar?	Sync Accounts"
"how can s sync my yahoo! calendar with google calendar?	Sync Accounts"
"how can i uync my yahoo! ualendar with eoogle calendar?	Sync Accounts"
"how cau i sync mj yahoo! calendar with google cawendar?	Sync Accounts"
"sow can i sync my yahok! calendar with google calendar?	Sync Accounts"
"hww can i sync my yahoo! calendar with google calendar?	Sync Accounts"
"how can i sync my yahoo! calendar with ghogle calendar?	Sync Accounts"
"how can j sync my yahoo! calendar with google calbndar?	Sync Accounts"
"how can i sync my yavoo! calendar wite google calendar?	Sync Accounts"
"how can i sync my yahoo! calendar wich google calendar?	Sync Accounts"
"how can i sync my yahoo! calendar with googme catendar?	Sync Accounts"
"how can i sync my bahoo! calendar with google calendar?	Sync Accounts"
"bow can i sync my yahoo! calendar with google calendar?	Sync Accounts"
"how caj i sync my yahoo! calendar with google calendar?	Sync Accounts"
"hrw can i fync my yahoo! cabendar with gjogle calendar?	Sync Accounts"
"how can i sync my yahoo! calendag with google calendar?	Sync Accounts"
"how can i sync my yahoo! calendar yith google calendar?	Sync Accounts"
"hoh can i sync my yaqoo! calendar with google calendar?	Sync Accounts"
"hqw can i sync my yahoo! calendar with google calendar?	Sync Accounts"
"how can i syno my yahoo! calendar with google calendar?	Sync Accounts"
"hot can i sync mf yahoo! calendar with zoogle calendar?	Sync Accounts"
"how can i sync my yahko! calendar with google calendar?	Sync Accounts"
"how can i sync my yahoo! calendar with gotgle calendar?	Sync Accounts"
"how can i sync my yahoo! calendar with google calendar?	Sync Accounts"
"how can i sync ky yahoo! calendar with google calendar?	Sync Accounts"
"how cdn i sytc my yahoo! calendar with google calendar?	Sync Accounts"
"how cun i sync my yahoo! calendar with google calendar?	Sync Accounts"
"how can i sync ly yahoo! calendar with goonle calendar?	Sync Accounts"
"how cpn i sync my sahoo! calendar wdth google calendar?	Sync Accounts"
"how can i sync mc yahoo! calendar with google calendar?	Sync Accounts"
"how can i sync my yxhoo! calendar with google calendar?	Sync Accounts"
"how can i sync mk yahoo! calendar wnth google calundar?	Sync Accounts"
"how can i sync my yahoo! calendav with google calendar?	Sync Accounts"
"hol cvn i sync my yahoo! calendar with google calendar?	Sync Accounts"
"how can i sync ml yahoo! calendar with google calendar?	Sync Accounts"
"hof can i sync my yahoo! calendar with loogle calendar?	Sync Accounts"
"how can i sync my yahoo! calendar with gooele calendar?	Sync Accounts"
"how can i sbnc my yahoo! calendar with google calendar?	Sync Accounts"
"how can i synk my yahoo! calendar with google calendar?	Sync Accounts"
"how can z sync my yahoo! calendar with google calendtr?	Sync Accounts"
"how cak i sync my yahoo! cblendar with google calendar?	Sync Accounts"
"hob can i sync my yahoo! calendhr with google lalendar?	Sync Accounts"
"how can i sync my yahoo! calendar with xoogle calendar?	Sync Accounts"
"how can i sync mn yahoo! calendar with google calendar?	Sync Accounts"
"how can i sync my yahoo! calendar with goonle calqndar?	Sync Accounts"
"how can i sync my yahoo! calendar with eoogle calendar?	Sync Accounts"
"how can i synp my yahoo! calendar with google balendar?	Sync Accounts"
"How can I sync my Yahoo! Calendar with Google Calendar?	Sync Accounts"
"google bookmarks and chrome bookmark sonc -- differest?	Sync Accounts"
"google bookmarks and chrome bookmark synh -- different?	Sync Accounts"
"google bookmarks end chrome bookmark yync -- different?	Sync Accounts"
"goonle bookmarks and chrome bookmark sync -- diffxrent?	Sync Accounts"
"goxgle bookmarks and chrome bookmark sync -- different?	Sync Accounts"
"google bookmarks and chrome boykmark sync -- different?	Sync Accounts"
"gcogle bookmarks and chrome bookmark sync -- different?	Sync Accounts"
"google bookfarks and chrome bookmark sync -- different?	Sync Accounts"
"gorgle bookmarks and chrome bookmark sync -- different?	Sync Accounts"
"yoogle bookmarks and chrome bookmark synt -- different?	Sync Accounts"
"google bookmarks and chrome bookxark sync -- different?	Sync Accounts"
"google bookmarks anm chrooe bookmark eync -- different?	Sync Accounts"
"google bookmarks lnd chrome boopmark sync -- different?	Sync Accounts"
"google bookmarks and chrome bookmark synw -- different?	Sync Accounts"
"google bookmarks and chrome bookmark sync -- dieferent?	Sync Accounts"
"google bookmarks and chrome bookmark sync -- differeut?	Sync Accounts"
"google bookmarks and chmome booamark sync -- different?	Sync Accounts"
"google bookmarks and chrome bookmaok sync -- different?	Sync Accounts"
"google bookmarks and chrome bowkmark sync -- different?	Sync Accounts"
"guogle bookmarks akd chrome bookmark sync -- different?	Sync Accounts"
"google bookmarks and chrove bookmark sync -- different?	Sync Accounts"
"google bookmarks and chrome bookmark sync -- different?	Sync Accounts"
"google bookmarks and chrome bookmjrk sync -- different?	Sync Accounts"
"google bookmarks and chrome bookmark sync -- difftrent?	Sync Accounts"
"google bookmarks and chcome bookmark sync -- different?	Sync Accounts"
"google bookparks and chrome bookmark sync -- different?	Sync Accounts"
"google bookmarks and chrome bookmark gync -- different?	Sync Accounts"
"google bookmarks and chrome bookkark sync -- differtnt?	Sync Accounts"
"google bookmarks aed chrome bookmark sync -- different?	Sync Accounts"
"coogle bookmarks and chrome bookmark sync -- different?	Sync Accounts"
"googze bookmarks and chrome boobmark sync -- different?	Sync Accounts"
"zoogle bookmarks and chrome bookmark sync -- different?	Sync Accounts"
"goorle boofmarks and chrome bookmark sync -- different?	Sync Accounts"
"google bookmarks and chroml bookmark sync -- different?	Sync Accounts"
"google bookmarks aqd chrore bookmark sync -- different?	Sync Accounts"
"google bookmarks and chrome bookgark sync -- different?	Sync Accounts"
"google bookmjrks and chrome bookmark sync -- different?	Sync Accounts"
"google bookmrrks and chrome bookmark sync -- different?	Sync Accounts"
"google bookmarks and chrome bookmark lync -- different?	Sync Accounts"
"google bookmarks and chrome booamark sync -- different?	Sync Accounts"
"google bookmarks and chrome bookmork sync -- different?	Sync Accounts"
"google bookmarks and chrome bjokmark sync -- different?	Sync Accounts"
"google bookmarks and chrome bokkmark sync -- different?	Sync Accounts"
"gougle bookmarks and chrome bookmark synr -- different?	Sync Accounts"
"google bookmarks and chrome bmokmark oync -- different?	Sync Accounts"
"google bookmarks and chrome bookmark sync -- ditferent?	Sync Accounts"
"gfogle jookmarks and chrome bookmark sync -- different?	Sync Accounts"
"goovle bookmarks and chrome bookmark sync -- different?	Sync Accounts"
"google bookmarks and chrome baokmark sjnc -- different?	Sync Accounts"
"google bookmarks ank chrome bookmark sync -- different?	Sync Accounts"
"google bookmarks and chrome bookmark syac -- different?	Sync Accounts"
"Google Bookmarks and Chrome Bookmark Sync -- Different?	Sync Accounts"
"how do i sync my runkeeper workout schedule with gnogle calender?	Sync Accounts"
"how do i sync my nunkeeper worcout schedule with google calendqr?	Sync Accounts"
"how do i sync my runkeeper workout suhedule with google caleuder?	Sync Accounts"
"hzw do i syoc my runkeeper workout schedule with google calender?	Sync Accounts"
"how do i synr my runkeeper workout schadule with google calender?	Sync Accounts"
"how do i sync my runkeeper workout scaedule with google calender?	Sync Accounts"
"htw do b sync my runkeeper wordout schedule with google calsnder?	Sync Accounts"
"how do i syoc my runkeeper workout schedule with google calender?	Sync Accounts"
"how do r sync my runkeeper workout schedule with google calender?	Sync Accounts"
"bow zo i sync mm runkeeper workout schedule with google calender?	Sync Accounts"
"how do i sync mg runkeeper workout cchedule with google calender?	Sync Accounts"
"how do x sync my runkeeper workout schedule wivh google calender?	Sync Accounts"
"hfw do i sync my ounkeeper workout schedule with google calender?	Sync Accounts"
"how do i syic my runkeeper workout schedule with google calender?	Sync Accounts"
"how do i sync my runkeeper workout schedule with google calender?	Sync Accounts"
"how do i bync my runkeeper workout schedule with google calender?	Sync Accounts"
"how do i sync my runkeeper workout schedule witb google calender?	Sync Accounts"
"htw do i syrc my runkeeper workout schedule with google calender?	Sync Accounts"
"how dt i sync my runkeeper workout schedule with google calcnder?	Sync Accounts"
"how do i sync my runkeeper wurkout schedule with google calender?	Sync Accounts"
"how do i sync my runkeexer workout schedule fith google calender?	Sync Accounts"
"how wo i sync my runkeeper workout schedule wath google calender?	Sync Accounts"
"how do v sync my runkeeper workout schedule with google calender?	Sync Accounts"
"how do i sync my runkeeper workout schldule with google calender?	Sync Accounts"
"how do i cync my runkeeper workout schedule with google calender?	Sync Accounts"
"hop do i sync my runkeeper workout schedule with google calender?	Sync Accounts"
"hoh do b sync my runkeeper workout schedule with goqgle calender?	Sync Accounts"
"how do i sync my runkeepek workout schedule with google calender?	Sync Accounts"
"how do d sync my runkeeper workoua schedule with google calender?	Sync Accounts"
"how dc i sync my runkeeper wordout schedule with google calender?	Sync Accounts"
"row do i sync my runkeeper workout schedule with google calender?	Sync Accounts"
"how do y sync my runkeeper workout schedule with godgle calender?	Sync Accounts"
"how dz r sync my runkeeped workout scheduee with google calenden?	Sync Accounts"
"how do i sync my sunkeeper workout schedule with google calender?	Sync Accounts"
"how dy i sync my runkeeper workout schedule with google calender?	Sync Accounts"
"how do i sync yy runkeeper workout schedule wtth goozle calender?	Sync Accounts"
"how do i sync my runkeeper workout schedule jith google calender?	Sync Accounts"
"how do i rync my runkekper workout schedule with google calender?	Sync Accounts"
"oow do i sync my runkeeper workout schedule with google lalender?	Sync Accounts"
"how do i sync mn runkeeper workout schedule hith google calender?	Sync Accounts"
"how do i sywc my runkeeper workout schedule with google calender?	Sync Accounts"
"how do i qync py runkeeper workout schedule with googln calender?	Sync Accounts"
"how do i sync my runkeeper wornout schedule with google calender?	Sync Accounts"
"how bo i zync my runkeeper workout schedulx uith google calender?	Sync Accounts"
"how do p sync my runkeeper workout schedule with google calender?	Sync Accounts"
"hew do i sync my runkeeper workout schedule mith google calender?	Sync Accounts"
"how do i sync my runkeeper worrout schedule with google calender?	Sync Accounts"
"how wo i sync my runkeeper workouc schedule with google calender?	Sync Accounts"
"oow do i sync my runkeeper workout schedule with google calender?	Sync Accounts"
"how do i sync my runkeepeb workout schedxle with google calender?	Sync Accounts"
"how do i sync my runkeeper workout schedule cith google calendpr?	Sync Accounts"
"how do i sync dy runkeeper workout schedule with google calender?	Sync Accounts"
"how do i sanc my runkeeper workout schedule with google calendej?	Sync Accounts"
"how do w sync my runkeeper workout schedule with google calender?	Sync Accounts"
"how do d sync my runkeeper workout schedxle with google calender?	Sync Accounts"
"how do i sync my runkeeper workout schedule with googli calender?	Sync Accounts"
"how dz i sync my runkeeper workout schedule witx google calender?	Sync Accounts"
"how do f sync my runkeeper workout schedule tith google calender?	Sync Accounts"
"how do i sgnc vy runkeeper workout schndule with google calender?	Sync Accounts"
"how do i uync my runkeeper workout schedule with google aalender?	Sync Accounts"
"how do i sync mc runkeeper workout schedule with google calender?	Sync Accounts"
"how do i sync my runkeeper workout schedule wjth google calender?	Sync Accounts"
"htw do f sync my runkeeper workout schedule with google calender?	Sync Accounts"
"How do I sync my RunKeeper workout schedule with Google Calender?	Sync Accounts"
"does using gmail's ""never send it to tpam"" filter mean i can't train their spam filter?	Filter Spam"
"does using gmail's ""never send it ty spam"" filter mean i can't traxn their spam filter?	Filter Spam"
"dofs using gmail's ""pever send it to spcm"" filter mean i can't train their spam filter?	Filter Spam"
"does using gmail's ""never send it tm spam"" filter mean i can't train their spam filter?	Filter Spam"
"does using gmail's ""never send it to spam"" filter medn i can't train their spam filter?	Filter Spam"
"does using gmail'j ""never slnd it to spam"" filter mean i can't train their spam filter?	Filter Spam"
"does using gmail's ""never send it to spvm"" filter mean i can't train their spam filter?	Filter Spam"
"does using gmail's ""never send it lo spam"" filter mean i can't train their spam filter?	Filter Spam"
"does using gmail's ""never send it to spam"" filter mean i can't train thegr spam filter?	Filter Spam"
"joes using gmail's ""never send it to spam"" filter mean i can't trait txeir spam fqlter?	Filter Spam"
"does using gmail's ""never send it to spam"" filter sean i can't train their spam filter?	Filter Spam"
"does using gmail's ""never send it to spam"" filter mean i cln't train their spam filter?	Filter Spam"
"does usino gmail's ""never send it to spam"" filter mpan n can's train their spam filter?	Filter Spam"
"ddes using gmail's ""never sekd it to spam"" filter mean i can't train their spam fivter?	Filter Spam"
"does using gmail's ""never send it to spam"" filter mean i kan't train their spam filter?	Filter Spam"
"does using gmail's ""never send it to spam"" filter mean i can'k train their spam filter?	Filter Spam"
"does usivg gmail'o ""never send im to spam"" filter mean i can't train their spam filter?	Filter Spam"
"does using gmail's ""never send it tk spam"" filter mean i can't train their spam filter?	Filter Spam"
"does using gmail's ""never send it to spam"" filter mean i can't trawn their spam filter?	Filter Spam"
"dops using gmail's ""never send it to spai"" filter mean i can't train their spam filter?	Filter Spam"
"does using gmail's ""never send it to spam"" filter mean b can't train their spam filter?	Filter Spam"
"does using gmail's ""sever send it to spam"" filter mean i can't train their spam filter?	Filter Spam"
"does uning gmail's ""never send it to spam"" filter mean i can't trvin their spam filter?	Filter Spam"
"does using gmail's ""never send it to spam"" filter mean i can't train their jpam fqlter?	Filter Spam"
"does usidg gmail's ""never send it to spam"" filter mean i can't train their spam filter?	Filter Spam"
"does using gmail's ""never send iv to spam"" filter mean i can't train their mpam filtey?	Filter Spam"
"doee using gmail's ""never rend it to spam"" fileer mean i can't train their spam filter?	Filter Spam"
"does using gmail's ""never send it ts spam"" filter mean i can't tuain their spam filter?	Filter Spam"
"does using gmail's ""never send ct no spam"" filter mean y can't train their spam uilter?	Filter Spam"
"does using gmail's ""never send it to spam"" filter xean i can't train theer spam filter?	Filter Spam"
"does using gmail's ""never send it to spam"" filter mean i can't train their spau filtej?	Filter Spam"
"does using gmail's ""never send ij to hpam"" filter mean g can'e train their spam filter?	Filter Spam"
"does using gmail's ""never send it tx siam"" filter rean i can't train their spam filter?	Filter Spam"
"does using gmail's ""never send it to spam"" filter mean i can't train their spam filtel?	Filter Spam"
"does using gmail's ""never send it bo spam"" filjer mean i can't train their spam filter?	Filter Spam"
"does using gmail's ""never send it to spam"" filter mean r can't train their spam filter?	Filter Spam"
"does using gmail's ""never send it to spam"" falter mean i can't train their spam filter?	Filter Spam"
"does using gmail's ""never send it to spam"" filter mean i can't train their spav filter?	Filter Spam"
"does using gmail's ""never send it to spam"" filter mean i cas't trayn their spam felter?	Filter Spam"
"does using gmail's ""iever send it to spam"" filter mean i can't train theis spam filter?	Filter Spam"
"does using gmaiv's ""never segd it to spam"" filter mean q can't train their spam filter?	Filter Spam"
"does using gmail's ""never send it to spam"" filter mean i caw't train their spam filter?	Filter Spam"
"does using gmail's ""neveu send it to spam"" filter mean i can't train their spam filter?	Filter Spam"
"doqs using gmail's ""never send it to spam"" filter mean i can't train their spam filter?	Filter Spam"
"does uping gmail's ""nevur send it to spam"" filter mean i can't train their spam filter?	Filter Spam"
"does using gmail's ""never send it to spam"" filter mean i can't train their spam nilter?	Filter Spam"
"does using gmail's ""never send qt to spam"" filter mean i can't train their spam filter?	Filter Spam"
"does using gmail's ""never send it ko spam"" filter mean i can't train their spam filter?	Filter Spam"
"does using gmail's ""never send it to spam"" fmlter mean s can'd train their spam filter?	Filter Spam"
"does using gmail's ""never send it to spam"" filter mean a can't train their spam filter?	Filter Spam"
"does using gmail's ""never send ia to spam"" filter mean f can't train their spam filter?	Filter Spam"
"does using gmail's ""never send it eo spam"" filter mean i can't train their spam filaer?	Filter Spam"
"does using gmail's ""never sezd it to spam"" filter mean h can't train their spam filter?	Filter Spam"
"dfes using gmail's ""never send it to spao"" filter mean i can't train their spam filter?	Filter Spam"
"does usinr gmail's ""neter send id tz spam"" filter mean i can't train thebr spal filtew?	Filter Spam"
"does using gmail's ""never send it to spam"" filter mean i can't train their ppam filter?	Filter Spam"
"does using gmail's ""never send it to spam"" filter mean i can't train their epam filter?	Filter Spam"
"does using gmail's ""never send it to spcm"" filter mean i can't train their spam filter?	Filter Spam"
"does using gmail's ""never send it to spam"" fieter mean i can't train their spam filter?	Filter Spam"
"does using gmail's ""never send it to stam"" filter mean i can't train their spam filter?	Filter Spam"
"does using gmail's ""never cend it to spam"" filter mean i can't train their spam filter?	Filter Spam"
"does using gmail's ""never send it to spam"" filter mean i can't nrain their spam filter?	Filter Spam"
"koes using gmail's ""never send it to spam"" filter mean i san't trgin their spam filter?	Filter Spam"
"dnes using gmail's ""never send jt to spam"" filter mean i can't train their spam filter?	Filter Spam"
"does using gmail's ""never synd it to spam"" filter mean i can't trnin their spam filter?	Filter Spam"
"does using gmail's ""never send it oo spam"" filtvr mean i can't train thewr spam filter?	Filter Spam"
"does using gmail's ""never send it to spam"" filter mean i can't train their spam filter?	Filter Spam"
"docs using gmail's ""never send it to spam"" filter mefn i can't train thehr spam filter?	Filter Spam"
"does using gmail's ""never senk it to spam"" filter mean i can't tqain their spam filter?	Filter Spam"
"koes using gmail's ""neler send it to spam"" filter mean i can't tiain treir spam filter?	Filter Spam"
"does using gmail's ""never send it to spam"" ficter mean i can't train their spam filter?	Filter Spam"
"does using gmail's ""never send it to spam"" filter qean i can't train their spam filter?	Filter Spam"
"doeb using gmail's ""never send it to spam"" filser mean i can't train their spam filter?	Filter Spam"
"does uqing gmail's ""never send it to spam"" filter mean i can't train their spam filter?	Filter Spam"
"does using gmail's ""never send it to spam"" filter mean i can't train cheir spam filter?	Filter Spam"
"doks using gmail's ""never send it to spam"" filter mean i can't train their spam filter?	Filter Spam"
"dnes using gmail's ""never seqd it to spam"" filter mean i can't train their sprm filter?	Filter Spam"
"does using gmail's ""never send it to spam"" filter mean i can't train their sfam filter?	Filter Spam"
"Does using Gmail's ""Never send it to Spam"" filter mean I can't train their spam filter?	Filter Spam"
"correctly identifaing spam messages	Filter Spam"
"correctlr identifying spam messagel	Filter Spam"
"correctly identifyang spam messages	Filter Spam"
"borrectly identifying spam messages	Filter Spam"
"correctly identifying spam messagks	Filter Spam"
"correctly identifying sgam messages	Filter Spam"
"correctly identifying spaj messages	Filter Spam"
"correcsly identifying spam messages	Filter Spam"
"correctly identifying spae messages	Filter Spam"
"correctly idkntifying spaa messages	Filter Spam"
"corcectly identifying spam messages	Filter Spam"
"correcwly identifying spam messages	Filter Spam"
"correctly identifling spam messases	Filter Spam"
"correctly identifying spcm messgges	Filter Spam"
"correctly cdentifying spam messages	Filter Spam"
"correctly ideitifying spam messages	Filter Spam"
"corrqctly identifying spam messages	Filter Spam"
"correctly identifying spam mesfages	Filter Spam"
"corrgctly identifying spam messages	Filter Spam"
"porrectly identifying spam messages	Filter Spam"
"correcqly identifoing spam messages	Filter Spam"
"correctly identifyikg spam messagas	Filter Spam"
"correctly identifying spam messages	Filter Spam"
"correctly identifying spam mesoages	Filter Spam"
"cobrectly identifying spam messages	Filter Spam"
"correctly identifying ppam messages	Filter Spam"
"correctld identifyhng spam messapes	Filter Spam"
"correctly identifying seam messages	Filter Spam"
"correctly identifying spam mezsages	Filter Spam"
"correctly identifyrng spam messages	Filter Spam"
"correctly identifyino spam messages	Filter Spam"
"czrrectly identifying spam messages	Filter Spam"
"correcvly identifying spam messages	Filter Spam"
"correctly jdentifying spam messages	Filter Spam"
"correctly identifying spam messagec	Filter Spam"
"Correctly Identifying Spam Messages	Filter Spam"
"twitter anr echofon spam	Filter Spam"
"twitter and ethofon spam	Filter Spam"
"twitter and echojon spam	Filter Spam"
"twitter and echofon spmm	Filter Spam"
"twitter and echofon ppam	Filter Spam"
"twitter anm echofon spam	Filter Spam"
"twitten und echofon spam	Filter Spam"
"xwitter and echofon spam	Filter Spam"
"twitter and echofon spaj	Filter Spam"
"twitter and ichofon spam	Filter Spam"
"twitter mnd echofon spam	Filter Spam"
"twivter and echofon spfm	Filter Spam"
"twitter and echofon saam	Filter Spam"
"twatter and echofon spam	Filter Spam"
"twimter and echofon spam	Filter Spam"
"tbitter and echofon spam	Filter Spam"
"twitter wnd echofon spam	Filter Spam"
"tzitter and echofon spam	Filter Spam"
"twiiter and echofon spam	Filter Spam"
"twitter anp echofon spam	Filter Spam"
"twitter and echofor spam	Filter Spam"
"twitter and echofon spxm	Filter Spam"
"twitter and echopon sfam	Filter Spam"
"twitter ond echofon spam	Filter Spam"
"twittlr and echofon spam	Filter Spam"
"twitter ant echofon spam	Filter Spam"
"twittgr and echofon spam	Filter Spam"
"twitter and echofon spam	Filter Spam"
"twitter and echofon epam	Filter Spam"
"twitter and echofsn spam	Filter Spam"
"Twitter and Echofon spam	Filter Spam"
"totally blocking ssam to gmail account	Filter Spam"
"totally blocking sdam to gmail account	Filter Spam"
"totally blocking spam to gmagl account	Filter Spam"
"totally blocking spam tj gmail account	Filter Spam"
"totrlly blocking spam to gmail account	Filter Spam"
"totally blocking spam uo gmail account	Filter Spam"
"totally blocking spam to gmail accoujt	Filter Spam"
"totally blocking spam to nmail account	Filter Spam"
"totally blgcking spam to gmail account	Filter Spam"
"totally blockinv spam to gmail account	Filter Spam"
"totally blocking spam to gmwil account	Filter Spam"
"totally blocking spam tk gmail account	Filter Spam"
"tftally blocking spam to gmail account	Filter Spam"
"totally blocking spal to gmail account	Filter Spam"
"totally bloiking spam to gmail account	Filter Spam"
"totally blojking spam to gmail account	Filter Spam"
"totally olocking spam ty gmail account	Filter Spam"
"totally blocking spam ao gmail acccunt	Filter Spam"
"totally blocking spam to gmail accoult	Filter Spam"
"totally blockink spam to gmail account	Filter Spam"
"totally bjocking spam to gmail account	Filter Spam"
"totolly blocking spam to gmail account	Filter Spam"
"totally bloyking spam to gmail account	Filter Spam"
"totally blocking jpam to gmail account	Filter Spam"
"totally blocking spam ta gmail accsunt	Filter Spam"
"totally blocking sfam to gmafl account	Filter Spam"
"totally blocking spam to cmail accounm	Filter Spam"
"totally blocking spim to gmail account	Filter Spam"
"totally blocking spam to gmaie account	Filter Spam"
"totally blockini spam do gmkil account	Filter Spam"
"totally blocking snam to gmail account	Filter Spam"
"totally blocking spam to ggail account	Filter Spam"
"totally blocking spam to gmvil account	Filter Spam"
"totally blocking spam so gmail account	Filter Spam"
"totally blocking spam ty gmail account	Filter Spam"
"totally blocking spam tu gmail account	Filter Spam"
"totally blocking spam to gmail account	Filter Spam"
"totally blocking spap to gmail account	Filter Spam"
"Totally Blocking Spam To Gmail Account	Filter Spam"
"discarding spam maix faster in gmail	Filter Spam"
"discarding spam mail fabter in gmail	Filter Spam"
"discarding spam mail faster wn gmail	Filter Spam"
"discarding spam mail master in gmail	Filter Spam"
"discarding spam mavl faster in gmail	Filter Spam"
"discarding spam maia faster in gmail	Filter Spam"
"discarding opam mail faster gn gmail	Filter Spam"
"discarding spam macl faster in gmail	Filter Spam"
"discarding spam mail faster in gmail	Filter Spam"
"discarring spam mail faster hn gmail	Filter Spam"
"discarding spam mail faster pn gmail	Filter Spam"
"discarding sdam mail faster in gmail	Filter Spam"
"discardind spam mail faster in gmuil	Filter Spam"
"discarding spam maif faster in gmtil	Filter Spam"
"discawding spam mail faster in gmail	Filter Spam"
"dgscarding spam mail faster in gmail	Filter Spam"
"giscarding spam mail faster in gmail	Filter Spam"
"discarding spam mail iaster in gmail	Filter Spam"
"discarding spfm mail faster in gmavl	Filter Spam"
"discarding vpam mail faster in gmail	Filter Spam"
"discarding spam mail faster cn gmail	Filter Spam"
"dtscarding spam mail faster in gmail	Filter Spam"
"discarding spak mail faster in gmail	Filter Spam"
"discardzng spam mlil faster in gtail	Filter Spam"
"discarding spam mail fastgr in gmail	Filter Spam"
"discarding spam mail fasteb in gmail	Filter Spam"
"discardrng spam mail faster in gmail	Filter Spam"
"discarding siam mail faster ix gmail	Filter Spam"
"discarding spam mail faster in gmpil	Filter Spam"
"discardino spjm mail faster in gmail	Filter Spam"
"discarding spam mail falter in gmail	Filter Spam"
"discarding spam mail faster if gmail	Filter Spam"
"discarding spam mail faster in gmais	Filter Spam"
"discarding spim mail faster in gmail	Filter Spam"
"discarding spaj mail faster bn gmail	Filter Spam"
"discarding spam mail fasten in gmail	Filter Spam"
"discardtng spam mail faster in gmail	Filter Spam"
"discarding spam mail fastex in gmail	Filter Spam"
"discarding spam mail faster in gmaix	Filter Spam"
"discarding spam mbil fasteu in gmail	Filter Spam"
"discarding spam mail faster in gmaiq	Filter Spam"
"discarding spwm mail faster in gmail	Filter Spam"
"discarding spam maiq faster in gmail	Filter Spam"
"discarding spam mail farter in gmail	Filter Spam"
"discarding spam mail faster iu gmail	Filter Spam"
"dhscarding spam tail faster ic gmail	Filter Spam"
"discarding spam mail oaster in gmail	Filter Spam"
"discarding spam myil faster in gmail	Filter Spam"
"discnrding spam mail faster in gmail	Filter Spam"
"discarding spam mail fastes fn gmail	Filter Spam"
"discarding spaq mail faster in gmail	Filter Spam"
"Discarding spam mail faster in Gmail	Filter Spam"
"stopping spam emails in gmail zy pattern	Filter Spam"
"stopping spam emails in smail by pattern	Filter Spam"
"stopping spam emails in gmail by patteln	Filter Spam"
"stopping spam emails in gmail yy pattern	Filter Spam"
"stopping spam emails in gmail by patzern	Filter Spam"
"stopping opam emails in gmail by patterg	Filter Spam"
"stopping spam emails in lmail by pattern	Filter Spam"
"stopping spam emaifs in gmail by pattern	Filter Spam"
"stopping spam emails iq gmail by pattern	Filter Spam"
"stoppina spam emails in gmail bp nattern	Filter Spam"
"stopping spam emails in gmail bm pattern	Filter Spam"
"stopping suam emails en gmail py pattern	Filter Spam"
"stopping spam evails in gmail by pattern	Filter Spam"
"stoppiig spam emails in gmail by pattern	Filter Spam"
"stopping spam tmails in gmail by pattern	Filter Spam"
"stopping spam edails in gjail by pattern	Filter Spam"
"stopping spvm emails in gmail by pattern	Filter Spam"
"stopping spam emails in giail by pattern	Filter Spam"
"stopping spam emails in gmaim by pattern	Filter Spam"
"stojping kpam emails in gmmil by pattern	Filter Spam"
"stopping cpam emails in gmail by pattern	Filter Spam"
"stopping spam emails in gmahl py pattern	Filter Spam"
"stopping spak emails in gmail by pattern	Filter Spam"
"stopping spam erails in gmail cy pattern	Filter Spam"
"stopping cpam emails ik gmail by pathern	Filter Spam"
"stopping spam emails in gmaih by patbern	Filter Spam"
"stopping spam emails in gmail bn pattern	Filter Spam"
"stopping spam emails in gmail by phttern	Filter Spam"
"stopping spam emails in gmavl by pattern	Filter Spam"
"stopping spam emails in gmail by pattern	Filter Spam"
"stopping spam amails in gmail by pattern	Filter Spam"
"stopping spam emails in gmail ly pattern	Filter Spam"
"stopping npam emails in gmfil by pattern	Filter Spam"
"scopping spam emails in gmail by dattern	Filter Spam"
"stopping spam emails in jmail by pattern	Filter Spam"
"stopping sbam emails in gmail by pattern	Filter Spam"
"stopping spam emails is gmail by pattern	Filter Spam"
"stopping spam emails in gmail by paltern	Filter Spam"
"stoeping spam emails in gmail by pattern	Filter Spam"
"stopping spam emails in umail by pattern	Filter Spam"
"stopping epam emails in gmail by pattern	Filter Spam"
"stopping spam emails zn gmail by pattern	Filter Spam"
"stopping spam emails in gmail by patlern	Filter Spam"
"stopping spam emails in gmail by pattorn	Filter Spam"
"spopping spam emails ij gmail by pattern	Filter Spam"
"stofping zpam emails in gmail by pattern	Filter Spam"
"stophing spam emails in gmail by pattern	Filter Spam"
"stopping spam emailz in gmail by pattern	Filter Spam"
"stopping spam emails ij gmail by pattern	Filter Spam"
"stopping spam emails in gmasl by pattern	Filter Spam"
"stopping spam ewails in gmail by pattern	Filter Spam"
"stopping spam emails in gmail by pattean	Filter Spam"
"stopping opam emails in gmail by pattern	Filter Spam"
"stopping spam emails ii gmail by pattern	Filter Spam"
"stopping spam egails in gmail by pattern	Filter Spam"
"stopping spam emails in gmail by patterc	Filter Spam"
"stopping spam emails in nmail by patlern	Filter Spam"
"stopping lpam emails in gmail by pattern	Filter Spam"
"stopping spam bmails in gmail by pattern	Filter Spam"
"stopping spam emails in gmail hy pattern	Filter Spam"
"Stopping spam emails in Gmail by pattern	Filter Spam"
"alternatives for google reader (wrth android synchronizing)	Find Alternative"
"alternatives for woogle reader (with android synchronizing)	Find Alternative"
"alternatives mor google reader (with android synchronizing)	Find Alternative"
"alternatives for google reaher (with android synchronizing)	Find Alternative"
"alternatives for google riader (wxth android synchronizing)	Find Alternative"
"alternatives for google readsr (with android synchronizing)	Find Alternative"
"alternatives for gcogle reader (with android synchronizing)	Find Alternative"
"alternatives for google remder (with android synchronizing)	Find Alternative"
"alternatives for gooqle reader (with android synchronizing)	Find Alternative"
"alternatives for google reader (with addroid synchronizing)	Find Alternative"
"alternatives fom google reader (with android synchronizing)	Find Alternative"
"alternatives fqr google relder (with android synchronizing)	Find Alternative"
"alternatives for google reader (wlth android synchronizing)	Find Alternative"
"alternaaives for woogle reader (with android syjchronizing)	Find Alternative"
"alternatives for gbogle reader (with android synchronizing)	Find Alternative"
"alternatives for goowle reader (with andreid synchronizing)	Find Alternative"
"alternatives for google reader (with android synchronizing)	Find Alternative"
"alternatives for google reader (with andrfid synchronizing)	Find Alternative"
"alternatives for google reader (with androed synchronizing)	Find Alternative"
"alternatjves for google reader (with android synchronizing)	Find Alternative"
"alternatives fzr google reader (with android synchronizing)	Find Alternative"
"alternatives nor google reader (wilh android syncqronizing)	Find Alternative"
"amternatives for google reader (with ondroid synchronizing)	Find Alternative"
"alternatives for google reader (with anjroid synchronizing)	Find Alternative"
"alternatives for yoogle reader (with android synchronizing)	Find Alternative"
"altexnatives for google reader (with android synchronizing)	Find Alternative"
"alternativhs for google reader (with android synchronizing)	Find Alternative"
"alternatives for google reader (with android synchronizicg)	Find Alternative"
"alternatives for google readfr (with android synchronizing)	Find Alternative"
"alternatives for google reader (with android synchronizlng)	Find Alternative"
"alternatives for google reader (with xndroid synchronizing)	Find Alternative"
"alternatives for google reader (fith android synchronizing)	Find Alternative"
"alternatives fvr google realer (with android synchronizing)	Find Alternative"
"alhernatives for google reader (with android synchronizing)	Find Alternative"
"alternatives for gooxle reader (with android synchronizing)	Find Alternative"
"alteknatives for google reader (with android synchronizing)	Find Alternative"
"alternatives for gjogle reader (with android synchronizing)	Find Alternative"
"alternatives for googlq reader (with android synchronizing)	Find Alternative"
"alternatives for gmogle reader (with android synchronizing)	Find Alternative"
"alternatives for google reader (with android synchrsnizing)	Find Alternative"
"alternatives for googlx reader (with android synchronizing)	Find Alternative"
"alternatives for google reader (with android synchronezing)	Find Alternative"
"alternatives for google reader (with android synclronizing)	Find Alternative"
"alternatives nor google reader (with android synchronizing)	Find Alternative"
"alternatives for google reader (with androii synchronizing)	Find Alternative"
"alternatives for googll reader (with android synchronizing)	Find Alternative"
"alternatives for gookle reader (with android synchronizing)	Find Alternative"
"alternatives for google reater (with android synchronizing)	Find Alternative"
"alternatives for google reader (with android synchronizina)	Find Alternative"
"alternatives for google reader (with andpoid synchronizing)	Find Alternative"
"Alternatives for Google Reader (with Android synchronizing)	Find Alternative"
"bugmenot (registration bypasser) alternative that doesn't sfck?	Find Alternative"
"bugmenot (registration bypasser) alternative thad doesn't sock?	Find Alternative"
"bugmenot (registration bypavser) alternative that doesn't suck?	Find Alternative"
"bukmenot (registration bypasser) alternative thae doesn't suck?	Find Alternative"
"bugmenot (regictration bypasser) alternative that doesn't suck?	Find Alternative"
"bugmenot (registoation bypasser) alternative that doesn't suck?	Find Alternative"
"bugmenot (regishration bypasser) alternative that doesn't suck?	Find Alternative"
"bugmenot (registration bypasser) altzrnative that doesn't suck?	Find Alternative"
"bugmenot (registration bypasser) alterdative that doesn't suck?	Find Alternative"
"bugmenot (registration bypasser) alternazive thai doesn't suck?	Find Alternative"
"bugmenot (registration byeasser) altprnative that doesn't swck?	Find Alternative"
"bugmenot (registration bypasser) alternatihe that doesn't zuck?	Find Alternative"
"bugmonot (registration bypasser) alternative that doesn't suck?	Find Alternative"
"bugmenot (registration bypasser) alternative mhat doesn't suck?	Find Alternative"
"bugmenot (registration bypasser) alternative tzat doesn't suck?	Find Alternative"
"bugmenot (registration bypasser) altlrnative that doesn't suck?	Find Alternative"
"bugmenot (registration bypasser) alternatize that doesn't suck?	Find Alternative"
"bugmenot (registration bypasser) alternative that voesn't suck?	Find Alternative"
"bugmenot (registracion bypasser) alternbtive that doesn't suck?	Find Alternative"
"bugmenot (registration bypasser) aloernative that doesn't suck?	Find Alternative"
"fugmenot (registration bypasser) alternative that doesn't suck?	Find Alternative"
"buomenot (registration bypasser) altkrnative that doesn't suck?	Find Alternative"
"bugmenot (registration wypasser) alternatbve that doesn't suck?	Find Alternative"
"bugmenot (registration bypasser) alternative that dossn't suck?	Find Alternative"
"bugmenot (registration bypasser) alternative that dkesn't suck?	Find Alternative"
"bugmenot (registration bypasser) alternative trat doesn't suck?	Find Alternative"
"bugmenot (registration bypasser) altprnative that doesn't suck?	Find Alternative"
"bugmenot (registration bypasser) alternative that doesn't suck?	Find Alternative"
"bugmenou (registratixn bypasser) alternative that doesn't suck?	Find Alternative"
"bugmenot (registration bypasser) alternative jhat doesn't suck?	Find Alternative"
"bugmenot (registration bypasser) alternative that doesn't sumk?	Find Alternative"
"bugmenot (registration bypasser) alternktive that doesn't suck?	Find Alternative"
"bugminot (regiytration bypasser) alternative that doesn't suck?	Find Alternative"
"bugmenot (registration bypaster) alternative tcat doesn't suck?	Find Alternative"
"bugmenot (registration bypasser) alternative tiat doesn't suck?	Find Alternative"
"bugmenot (registration bypasser) alternative thai doesn't suck?	Find Alternative"
"bugmenot (registration bypasser) ayternative that doesn't suck?	Find Alternative"
"bugmenot (registration bypasser) alternative that doesn'a suck?	Find Alternative"
"bugmcnot (registration bypasser) alternative that doesn't stck?	Find Alternative"
"bugmenot (registration bypasser) alternative that doesn't sgck?	Find Alternative"
"bugmenot (registration bypasser) alternative thnt doesn't sucy?	Find Alternative"
"bugmenot (registration bypasser) alternative that doesn't sucz?	Find Alternative"
"bugmenot (registration bynasser) alternative that doesn't suck?	Find Alternative"
"bugmenot (registration zypasser) alternative that doesn't suck?	Find Alternative"
"bugsenot (registration bypasser) alternative that doesn't suck?	Find Alternative"
"bugmenot (registration bypasser) alteruative khat doesn't suck?	Find Alternative"
"bugmenot (registration bypasser) alternative that dojsn't suck?	Find Alternative"
"bugmenot (registration bypasser) alternative that doesn't sack?	Find Alternative"
"bugmetot (registration bypasser) alternative that doesn't suck?	Find Alternative"
"bugmenot (registration bypasser) alternative that doegn't suck?	Find Alternative"
"bugmenot (registration bypasser) alternative that doesn't sucu?	Find Alternative"
"Bugmenot (registration bypasser) alternative that doesn't suck?	Find Alternative"
"alternatives to twittnr	Find Alternative"
"agternatives to twitter	Find Alternative"
"alternatijes to switter	Find Alternative"
"alternatives tj twitter	Find Alternative"
"alternatmves to twitter	Find Alternative"
"alternatives tv twitter	Find Alternative"
"alternatives tq twitter	Find Alternative"
"alternatines to twitter	Find Alternative"
"alternatives uo ewitter	Find Alternative"
"alternatives tw twitter	Find Alternative"
"alternatixes to twitter	Find Alternative"
"alternatiues to twitter	Find Alternative"
"alternatives to twicter	Find Alternative"
"alternatives to twitder	Find Alternative"
"alternatives to twltter	Find Alternative"
"alternativef to twitter	Find Alternative"
"alternatives to twioter	Find Alternative"
"alternatives tr twitter	Find Alternative"
"alternatives vo twitter	Find Alternative"
"alternatives to twitzer	Find Alternative"
"alternatives te twitter	Find Alternative"
"alternwtives to twitter	Find Alternative"
"alteknatives to twitter	Find Alternative"
"alternatives to twitter	Find Alternative"
"alternatives to twittex	Find Alternative"
"abternatives to twitter	Find Alternative"
"altewnatives to twitter	Find Alternative"
"alternatives co twitter	Find Alternative"
"alternatives ts twittes	Find Alternative"
"Alternatives to Twitter	Find Alternative"
"google searcu engine alternatives	Find Alternative"
"googue search engine alternatives	Find Alternative"
"godgle search engine alternatives	Find Alternative"
"googla search engane alternatives	Find Alternative"
"google search engine arternatives	Find Alternative"
"google learch engine alternatives	Find Alternative"
"google search exgine alternatives	Find Alternative"
"google seajch engine alternatives	Find Alternative"
"googge search engine alternatives	Find Alternative"
"google search engine alternatives	Find Alternative"
"google search engine altyrnatives	Find Alternative"
"google search engine alternotives	Find Alternative"
"google search ewgine alternatives	Find Alternative"
"goqgle search endine alternatives	Find Alternative"
"google seargh engine alternatives	Find Alternative"
"gooqle search engine alternatives	Find Alternative"
"google svarch engine alternatives	Find Alternative"
"google search engine aluernatives	Find Alternative"
"google search ongine alternatives	Find Alternative"
"google search etgine alternatives	Find Alternative"
"gofgle search engine alternatives	Find Alternative"
"gozgle search engine alternatives	Find Alternative"
"google search engine alternauives	Find Alternative"
"google qearch engine alternatives	Find Alternative"
"googll search engine alternatives	Find Alternative"
"google search epgine alternatives	Find Alternative"
"google search engina alternatives	Find Alternative"
"google search engine xlternatives	Find Alternative"
"google seasch eogine alternatives	Find Alternative"
"googte search engine alternatives	Find Alternative"
"google searih engine alternatives	Find Alternative"
"Google search engine alternatives	Find Alternative"
"alternatives to google groups with moce features?	Find Alternative"
"alternatives to gougle groups with more features?	Find Alternative"
"alternatives to google groups with myre features?	Find Alternative"
"alternativeo to google groups with more features?	Find Alternative"
"alternatives to woogle groups with more features?	Find Alternative"
"alternatives to google groups wifh more features?	Find Alternative"
"alternativel to gfogle groupj with moze features?	Find Alternative"
"alternativcs to google groups with more features?	Find Alternative"
"alternatives to google groups with iore features?	Find Alternative"
"alternatives to google groups with more featubes?	Find Alternative"
"alternakives to google groeps with more features?	Find Alternative"
"alternativem to google groups with more features?	Find Alternative"
"alternatrves tu google groups with more features?	Find Alternative"
"alternatives to ggogle groups wjth more features?	Find Alternative"
"acternatives to google groups with more featurel?	Find Alternative"
"alternatives to google groups with more featwres?	Find Alternative"
"altepnatives to google groups with mjre features?	Find Alternative"
"alternatives to google groups with mode features?	Find Alternative"
"alternatives to google groups pith more features?	Find Alternative"
"alternawives to google groups with more features?	Find Alternative"
"alternatives to google groupq with more features?	Find Alternative"
"alternatjves to google groups with more features?	Find Alternative"
"alternatives to google groups with more ceatures?	Find Alternative"
"alternatives to google groups with more featrres?	Find Alternative"
"alternatives to gozgle groups with more features?	Find Alternative"
"alternatives to gxogle groups with more features?	Find Alternative"
"alternatives to google grorps with moge features?	Find Alternative"
"alternatives to google groupj with more features?	Find Alternative"
"alternatives to google groups with more features?	Find Alternative"
"alternatives to google grouas with more features?	Find Alternative"
"alternatives to google groups witz more features?	Find Alternative"
"altqrnatives to google groups with more features?	Find Alternative"
"alternatives to google groupu with qore features?	Find Alternative"
"alternapives to google groups with more features?	Find Alternative"
"alternatives to google groups with mvre features?	Find Alternative"
"alternatives to google groups with more feabures?	Find Alternative"
"alternatives tr google groups with more features?	Find Alternative"
"alternatives to google groups wimh more features?	Find Alternative"
"alteynatives to google groups with mooe features?	Find Alternative"
"alternatives mo google groups with more features?	Find Alternative"
"alternatives bo google groups with more features?	Find Alternative"
"alternatives to roogle groups with more features?	Find Alternative"
"apternatives to google groups wvth more featureg?	Find Alternative"
"alternatives to google groups with moke features?	Find Alternative"
"alternatives to google groups wilh more features?	Find Alternative"
"alternatives to google groups with morf features?	Find Alternative"
"alternaxives po google groups with more features?	Find Alternative"
"alternatives to gosgle groups uith more features?	Find Alternative"
"alternatives ho google groups with more features?	Find Alternative"
"Alternatives to Google Groups with more features?	Find Alternative"
"are thore any good veoh or youtube acternatives?	Find Alternative"
"are there any mood veoh br youtube alternatives?	Find Alternative"
"are there any gobd veoh or youtfbe alternatives?	Find Alternative"
"are thpre any good veoh or youtube alternatives?	Find Alternative"
"are there mny good veoh or youtube alternatives?	Find Alternative"
"are there any good vooh or youtube alternatives?	Find Alternative"
"are there any good eeoh or youtube alternatives?	Find Alternative"
"are there any good veoh og youtube alternatives?	Find Alternative"
"are there any good aeoh oj youtube alternatives?	Find Alternative"
"arl thtre any good veoh or youtube alternatives?	Find Alternative"
"are there hny good veoh or youtube alternatives?	Find Alternative"
"are there any good veoh on youtube alternatives?	Find Alternative"
"arl there any good veoh or youtube alternatives?	Find Alternative"
"are there any goyd veoh or youtube alternatives?	Find Alternative"
"are there tny good veot or youtube alternatives?	Find Alternative"
"are there any good teoh or youtube alternatives?	Find Alternative"
"are thvre any good veoh or youtube alternatives?	Find Alternative"
"are tuere any good veoh rr youtube alternatives?	Find Alternative"
"are there any good veoh or aoutube alternatives?	Find Alternative"
"are there any good veoh or youtube alternativis?	Find Alternative"
"are xhere any good veoh or youtube alternatives?	Find Alternative"
"are thfre any good veoh or youtube alternatives?	Find Alternative"
"are there any good veoh or youtobe alternatives?	Find Alternative"
"are there afy good veoh or youtube altprnatives?	Find Alternative"
"are there aay good veoh or youtube alternatives?	Find Alternative"
"are qhere anp good veoh or youtlbe alternatives?	Find Alternative"
"are there any good veoh or youtebe alternatives?	Find Alternative"
"are there any good veoh or youtube alternativvs?	Find Alternative"
"are there ani good veoh or youtube alternatives?	Find Alternative"
"arl thert any good veoh or youtube alternatives?	Find Alternative"
"aae there any good veoh or youtube alternatives?	Find Alternative"
"are there any gowd veoh or youtube alternatives?	Find Alternative"
"ape there any good veoh or youtube alternatives?	Find Alternative"
"are there any good veof or youtube alternatives?	Find Alternative"
"bre there any good veoq or youtube alternatives?	Find Alternative"
"are there any good veoh or youtube blternatives?	Find Alternative"
"are theye any good veoh or youtube alternatives?	Find Alternative"
"are tfere any good veoh or youtube alternatives?	Find Alternative"
"are there any good veoh or ybutube alternatives?	Find Alternative"
"are there any good veoh or youtube altjrnatives?	Find Alternative"
"are there ann gdod veoh or youtube alternatives?	Find Alternative"
"are there any goed veoh or youtube alternatives?	Find Alternative"
"are there ans gjod veoh or youtube alternatives?	Find Alternative"
"cre thnre any good veoh od youtube alternatives?	Find Alternative"
"aro there any good veoh or youtube alternatives?	Find Alternative"
"are there fny gooq veoh or youtube alternatives?	Find Alternative"
"are there mny good veoh or youtubp alternatives?	Find Alternative"
"are there any good veoq or youtube alternatives?	Find Alternative"
"are there any good veoh or yohtube alternatives?	Find Alternative"
"are there any gool vezh or youtube alternatives?	Find Alternative"
"are there any good veoh ur youtube alternatives?	Find Alternative"
"are thera any good veoh sr youtube alternatives?	Find Alternative"
"wre there any good veoh or youtube alternatives?	Find Alternative"
"are there any good veoh or youtube alternaxives?	Find Alternative"
"are there any good veoh or xoutube alternatives?	Find Alternative"
"arv there any good vzoh or youtube alternatives?	Find Alternative"
"are there any good veoh or youtube alternatives?	Find Alternative"
"are there any goob veoh or youtube alternatives?	Find Alternative"
"are there any good veoh or youtubs alternatives?	Find Alternative"
"are there cny good veoh or youtube alternatives?	Find Alternative"
"are there anx goed veoh or youtube alternatives?	Find Alternative"
"are there aey good veoh or youtube alternatives?	Find Alternative"
"are there any good veou or youtube alternatives?	Find Alternative"
"Are there any good Veoh or Youtube alternatives?	Find Alternative"
"mint alternatives for canadb	Find Alternative"
"mint alternatives wor canada	Find Alternative"
"mint alternatives for cancda	Find Alternative"
"mint alternatives for ganada	Find Alternative"
"mint alternatives for canadv	Find Alternative"
"mint alternatives for canaba	Find Alternative"
"mint altbrnatives for canada	Find Alternative"
"minf alternatiqes for canada	Find Alternative"
"fint alternatives for canada	Find Alternative"
"mint alternatives fos canada	Find Alternative"
"mint alternutives for canada	Find Alternative"
"mint afternatives for canada	Find Alternative"
"ment alternatives for canada	Find Alternative"
"mint alternatives for chnada	Find Alternative"
"mint alternatives for canpda	Find Alternative"
"mint alternatives for canaoa	Find Alternative"
"mint alternatives for cavada	Find Alternative"
"mint alternatives fov caiada	Find Alternative"
"mint alternatives for canaga	Find Alternative"
"mint alternatives for canada	Find Alternative"
"gint alternatives xor canada	Find Alternative"
"mint aeternatives for canadu	Find Alternative"
"mint altnrnatives fos canada	Find Alternative"
"mint alternatives for carada	Find Alternative"
"mint alternatives for cankda	Find Alternative"
"miqt alternatives for canada	Find Alternative"
"mint alternatives for canado	Find Alternative"
"mint alternatives for cacada	Find Alternative"
"mint alternativeo fok canada	Find Alternative"
"mint alternatives fur canadg	Find Alternative"
"Mint alternatives for Canada	Find Alternative"
"how cjn i delete my twitter account?	Delete Account"
"how can i delete my twitteh account?	Delete Account"
"how can i delete xy twitter account?	Delete Account"
"how can n delete my twitder account?	Delete Account"
"how can x delete my twittpr account?	Delete Account"
"how can h delete mf twitker account?	Delete Account"
"how can i delete my twitter accoupt?	Delete Account"
"row cun i delete my twitter account?	Delete Account"
"how can i delete my twitter accounc?	Delete Account"
"how can i delebe my twhtter account?	Delete Account"
"hvw can i deleze my twitter account?	Delete Account"
"how lan i delete my twittvr account?	Delete Account"
"how can i dxlete my twitter account?	Delete Account"
"how cau i delete my twitter account?	Delete Account"
"how can i delete mb twitter account?	Delete Account"
"how cwn p delete my twitter account?	Delete Account"
"how cak i delete my twitter account?	Delete Account"
"how can i dplete my twitter account?	Delete Account"
"how cac i delete my twitter account?	Delete Account"
"how can i deuete my twitter account?	Delete Account"
"how uan i kelete my twitter account?	Delete Account"
"how can c delete wy twitter account?	Delete Account"
"how can i delete my twittar account?	Delete Account"
"how can e delete my twitter account?	Delete Account"
"cow cak i delete my twitter account?	Delete Account"
"how can z deletp my twitter account?	Delete Account"
"hrw cay i delete my twitter account?	Delete Account"
"how can i delete my twhtter account?	Delete Account"
"hew can i delete uy twitter account?	Delete Account"
"hoh can i delete my twitter account?	Delete Account"
"how can i degete my twitter account?	Delete Account"
"how ckn i delete my twitter account?	Delete Account"
"how can i delete my twltter account?	Delete Account"
"how ctn i delete sy twitter account?	Delete Account"
"how can i delete my twitter aqcount?	Delete Account"
"how can i delyte my twitter account?	Delete Account"
"how can i delete my twittjr account?	Delete Account"
"how can i delete my twitter accoust?	Delete Account"
"how can i delete my twitter account?	Delete Account"
"how can i deletg my twitter account?	Delete Account"
"how can i delute my twitter account?	Delete Account"
"how han i delete my twitter account?	Delete Account"
"how cak i delete mz twitter account?	Delete Account"
"how can i delete mc twieter account?	Delete Account"
"how can i delete fy twitter yccount?	Delete Account"
"how can x delete my twitter account?	Delete Account"
"how can z delete my twitter account?	Delete Account"
"how cgn i delete my twitter account?	Delete Account"
"how can r delete my twitter account?	Delete Account"
"how can i delete ma twitter account?	Delete Account"
"how can i delete my twitter accouwt?	Delete Account"
"how con i delete dy twitter account?	Delete Account"
"how cal i delete my twitter account?	Delete Account"
"hrw can n delete my twitter account?	Delete Account"
"how can i delete my twittkr xccount?	Delete Account"
"how can i deleje my twitter account?	Delete Account"
"xow can i delete my twitter account?	Delete Account"
"hdw can i delete my twitter account?	Delete Account"
"How can I delete my Twitter account?	Delete Account"
"how do i delste my linkedin account?	Delete Account"
"how do i delete my linkedgn account?	Delete Account"
"how mo i delete ml linkedin account?	Delete Account"
"how do i delete mp linkedin account?	Delete Account"
"tow do i delete my linkedin account?	Delete Account"
"how da i delete my linvedin account?	Delete Account"
"how do n delete mc linkedin account?	Delete Account"
"how do i deletb my linkedin account?	Delete Account"
"how do i delete mr linkedin account?	Delete Account"
"how do m delete my linkewin account?	Delete Account"
"how yo i delete my linkedin account?	Delete Account"
"how do i delete my linkedin accoant?	Delete Account"
"how do n belete my linkedin account?	Delete Account"
"how do i delcte my linkedin account?	Delete Account"
"how do i delete my lickedin account?	Delete Account"
"hoh do i delete mi linkedin achount?	Delete Account"
"wow do i delete my linkedin account?	Delete Account"
"hol do i delete my linkedin account?	Delete Account"
"how do i delete mz linkedin account?	Delete Account"
"how do i nelete my linkedin account?	Delete Account"
"hew do i delete my linkedin account?	Delete Account"
"how do a delete my linkedin account?	Delete Account"
"how zo i delete my linkedin account?	Delete Account"
"hvw df i delete my linkedin account?	Delete Account"
"how do n delote my linkedin account?	Delete Account"
"how do i delete my linkedin accouut?	Delete Account"
"how do i deleze my linkedin yccount?	Delete Account"
"how xo i delete sy linkedin account?	Delete Account"
"how do i delete my linkediy account?	Delete Account"
"how do i delete my linkedin accoujt?	Delete Account"
"how dx i delete my linkndin account?	Delete Account"
"how do q delete my linkedin account?	Delete Account"
"how do w delete my linkedin account?	Delete Account"
"hoi do i delete my linkedin account?	Delete Account"
"how do i deletm my uinkedin account?	Delete Account"
"hhw do i delete my linkedin account?	Delete Account"
"hyw do i delete my linkadin account?	Delete Account"
"how dg i delete my linkedin account?	Delete Account"
"how do i delete my lsnkedin account?	Delete Account"
"how do i delete my linkedin accouyt?	Delete Account"
"how do i delete my linkedin jccount?	Delete Account"
"how do i delete ms linkedin account?	Delete Account"
"how du i delete my linktdin account?	Delete Account"
"how do i delete my linkedin account?	Delete Account"
"how do i kelete my linkedin account?	Delete Account"
"how do i delete my lfnkedin account?	Delete Account"
"how ko i delete me linkedin account?	Delete Account"
"how do i deleoe my linkedin account?	Delete Account"
"how do i delete my linnedin account?	Delete Account"
"how do i delete my lnnkedin account?	Delete Account"
"hgw do i delete my linkedin account?	Delete Account"
"dow do z delete my linkedin account?	Delete Account"
"how dz i delete my linkedin account?	Delete Account"
"how do i delete sy linkedin account?	Delete Account"
"how do i deeete my linkedin account?	Delete Account"
"How do I delete my LinkedIn account?	Delete Account"
"how df i delete my gmail account?	Delete Account"
"how qo i delete my gmail account?	Delete Account"
"how do a delyte my gmail account?	Delete Account"
"how do i helete my gmail account?	Delete Account"
"how do i delete mv gmail account?	Delete Account"
"how do i delene my gmail account?	Delete Account"
"how do i delete my gmail accoqnt?	Delete Account"
"hnw do i delete mw gmail accownt?	Delete Account"
"how do i deleth my gmail account?	Delete Account"
"how do z delete my gmail account?	Delete Account"
"hoc do i delete my smail account?	Delete Account"
"how do i delete mk gmail account?	Delete Account"
"how do i delete my gzail account?	Delete Account"
"how do i delete my gmail accounn?	Delete Account"
"how uo i delete my gmael account?	Delete Account"
"how do i dmlete my gmail account?	Delete Account"
"how do i deleje my gmail account?	Delete Account"
"how do i delete wy gmail account?	Delete Account"
"how do n delete my gmail account?	Delete Account"
"how de i delete my gmail account?	Delete Account"
"how do i relete my gmail account?	Delete Account"
"how jo i delete wy gmail account?	Delete Account"
"how do i delete my omail account?	Delete Account"
"how xo i delete my gmail account?	Delete Account"
"how do i delete my gmail arcount?	Delete Account"
"hoh do i delete mq gmail account?	Delete Account"
"sow do i delete my gmail account?	Delete Account"
"how do i delete mj gmail account?	Delete Account"
"how do i delete my gmail accoust?	Delete Account"
"how do w delete my gmail eccount?	Delete Account"
"how do e delete gy gmail account?	Delete Account"
"how do i delete my geail account?	Delete Account"
"how dr i delete my gmail account?	Delete Account"
"how zo i delete my gmail account?	Delete Account"
"how no i delete my gmail account?	Delete Account"
"hoj do f delete my gmail account?	Delete Account"
"how dd b delete my gmaim accvunt?	Delete Account"
"how do i delety my gmail account?	Delete Account"
"how do i delete uy gmail account?	Delete Account"
"how do i delete my gaail account?	Delete Account"
"how do x delete my gmail accounu?	Delete Account"
"how do i delete me gmail account?	Delete Account"
"how do i delete my gmayl account?	Delete Account"
"how do p delete my gmail account?	Delete Account"
"how do i delete my gmaiy account?	Delete Account"
"how do i delete my gmail account?	Delete Account"
"how do i delewe my gmail account?	Delete Account"
"htw do i delete my gmail atcount?	Delete Account"
"how do y delete my gmail account?	Delete Account"
"how dw i delete my gmail accoxnt?	Delete Account"
"how do i delete my gmail accound?	Delete Account"
"how do i delete fy gmail account?	Delete Account"
"how do i detete my gmail account?	Delete Account"
"how dg i melete my umail account?	Delete Account"
"how do i delete my gmail accotnt?	Delete Account"
"how do w delete ey gmail account?	Delete Account"
"hoy do i delete my gmail accouni?	Delete Account"
"htw do i delete my gmail account?	Delete Account"
"how do i delete py gmail account?	Delete Account"
"hoa do i delete my gmail account?	Delete Account"
"how do c delete my gmail account?	Delete Account"
"how do i delete ty gmail account?	Delete Account"
"how do i delvte my gmail account?	Delete Account"
"How do I delete my Gmail account?	Delete Account"
"hcw do i delete my experts exchange account?	Delete Account"
"how do f delete my experts exchange account?	Delete Account"
"how dn i delete my experts exchange account?	Delete Account"
"how bo i delete my experts exihange account?	Delete Account"
"how do i delete my experts exchanje account?	Delete Account"
"how do i delete my experws exchange account?	Delete Account"
"how do i delete my experts epchange account?	Delete Account"
"how do i deltte my experts exchange account?	Delete Account"
"how do i delete my expcrts exchande account?	Delete Account"
"how do i delete my exptrts exchange account?	Delete Account"
"how do i delete my experts exchange acctunt?	Delete Account"
"how bo t delete my experts exchange account?	Delete Account"
"how do i delete my experts exchange accognt?	Delete Account"
"how do a delete my experts exchange account?	Delete Account"
"how do i delete my eeperts exchange account?	Delete Account"
"how do j delete my experts exchange account?	Delete Account"
"how do i delete my experts exchange accobnt?	Delete Account"
"how do e delete my experts exchange account?	Delete Account"
"how do i djlete my experts exchange account?	Delete Account"
"how do i deletv my experts exchagge account?	Delete Account"
"how do i delete my experts exchange accoust?	Delete Account"
"pow do f delete my cxperts exchaoge account?	Delete Account"
"how do i delete my experts ixchange account?	Delete Account"
"how do i deleqe my experts exchange accmunt?	Delete Account"
"how bo i delete mw experts exchange account?	Delete Account"
"how do i delete my experts exchange account?	Delete Account"
"how dd i delete my experts exchange ahcount?	Delete Account"
"how do i delete my euperts exchange account?	Delete Account"
"how dg i delete my experts exchange accound?	Delete Account"
"how do q melete my experts exchange account?	Delete Account"
"how do i dzlete zy experts exchange accounf?	Delete Account"
"how do i deletp my experts exchange account?	Delete Account"
"dow do i delete my experts exchange account?	Delete Account"
"how do i deleue my experts exchatge account?	Delete Account"
"hxw do i delete my experts exchange account?	Delete Account"
"how do i dllete ky experts exchange account?	Delete Account"
"how do i delete my expevts exchwnge account?	Delete Account"
"how do i delete my exzerts exchange account?	Delete Account"
"how do i delete my experts exchange ascount?	Delete Account"
"how do i delete my experts exchange accvunt?	Delete Account"
"how do i delete my experts exclange account?	Delete Account"
"how dx i delete my experts exchange account?	Delete Account"
"how do w delete fy experts exchange account?	Delete Account"
"hon do i delete my experts exchange account?	Delete Account"
"how do i devete my experts excsange account?	Delete Account"
"how do i delete my experts exchange accmunt?	Delete Account"
"how do i delete qy experts exchange account?	Delete Account"
"how ko i delete my experts exchange account?	Delete Account"
"How do I delete my Experts Exchange account?	Delete Account"
"how dq i delete my ohloh profile?	Delete Account"
"how do i melete my ohloh profile?	Delete Account"
"how do i delete mf ohloh profile?	Delete Account"
"how do y delete my ohloh profile?	Delete Account"
"uow do i delyte my ohuoh profile?	Delete Account"
"how do j delete mj ohlbh profile?	Delete Account"
"how do j delete my ohloh profile?	Delete Account"
"how do a delete dy ohloh profile?	Delete Account"
"how mo i delete my ohloh profile?	Delete Account"
"hnw do i delete my ohloh profile?	Delete Account"
"how do i delete my ohloh profile?	Delete Account"
"hod do i delete my ohloh profile?	Delete Account"
"hhw do i delete mr ohloh profile?	Delete Account"
"hww do i delete my ohloh profile?	Delete Account"
"hoz do i delete my ohloh profize?	Delete Account"
"how do l delete my ohloh frofile?	Delete Account"
"how do h delete my ohloh profile?	Delete Account"
"how do i delete my otloh profile?	Delete Account"
"hoa do i delete my ohloh profile?	Delete Account"
"how do i dtlete my ohloh profile?	Delete Account"
"how do i delete my ohloh profyle?	Delete Account"
"how do i delete my ohlch profile?	Delete Account"
"iow do i delete my thloh profile?	Delete Account"
"hou do i delete my ohloh proqile?	Delete Account"
"how do i dslete my ohloh profile?	Delete Account"
"how ro i delete my ohloh profile?	Delete Account"
"how do i delete mo ohloh profile?	Delete Account"
"how do i deleue my ohloh profile?	Delete Account"
"how oo i delete my ohloh profile?	Delete Account"
"how do e delete my ohloh profile?	Delete Account"
"how do s delete my ohlos profile?	Delete Account"
"how do i delete my ohmoh arofile?	Delete Account"
"how do i delete sy ohloh profile?	Delete Account"
"how do i delete my ohloh profilj?	Delete Account"
"how do z delete my ohloh puofile?	Delete Account"
"how dh i delete mg okloh profile?	Delete Account"
"how do i delete mr ohloh profile?	Delete Account"
"how ko i delete my ohloh profilh?	Delete Account"
"hhw do i delete my ohloh profile?	Delete Account"
"how do i delete my ohaoh profile?	Delete Account"
"hol do i delete my ohloh profile?	Delete Account"
"how do i delete yy ohloh profile?	Delete Account"
"how do i delete my ohloh profilo?	Delete Account"
"how do i delete ly ohloh profile?	Delete Account"
"how du i delete my ohloh profile?	Delete Account"
"how no i kelete py ohloh profile?	Delete Account"
"how do i delete my mhloh profige?	Delete Account"
"how do i delete my ohloh jrofile?	Delete Account"
"how dr i delete my ohloh profile?	Delete Account"
"how do i delece my ohloh profile?	Delete Account"
"how do i delete my ohloh arofile?	Delete Account"
"how do d delete my ohfoh profile?	Delete Account"
"How do I delete my Ohloh profile?	Delete Account"
"how can i permjnently pelete my myspace account?	Delete Account"
"hok can i permanently delete my myspace account?	Delete Account"
"how can i permanently delete my myspaze account?	Delete Account"
"how can i permanently delete dy myspace account?	Delete Account"
"how can i pehmanently deleme my myspace account?	Delete Account"
"how cwn n permanently deletz my myspace accofnt?	Delete Account"
"hjw can i permanently delete my jyspace account?	Delete Account"
"how ban i permanjntly yelete my myspace account?	Delete Account"
"how can i permanently delete yy myspace account?	Delete Account"
"how han i permanently delete my mysbace account?	Delete Account"
"how can i permanently delete my myspace account?	Delete Account"
"how can i permanently delete ms myspace account?	Delete Account"
"how can i permanentlo delete my myspace account?	Delete Account"
"how can i permanently pelete ay myspace account?	Delete Account"
"how can i permanently delete my myqpace account?	Delete Account"
"how can l permanently delete my myspase account?	Delete Account"
"how cnn i permanlntly delete my myspace account?	Delete Account"
"hww can i permanently delete my myspace account?	Delete Account"
"how can i permanmntly delete my myspace account?	Delete Account"
"how can i permanently delete my myspace aciount?	Delete Account"
"how can i permanently delete my mospace account?	Delete Account"
"hoi can i permanently delete my myspace account?	Delete Account"
"how can i permanently delete my myspace accounf?	Delete Account"
"how can i permanently delete my myspace accouns?	Delete Account"
"how can i plrmanently delete ry myspace account?	Delete Account"
"how wan i permanently delete my myspace accornt?	Delete Account"
"how can n permanently delete my myspace account?	Delete Account"
"how can v permanently delete my myspace azcount?	Delete Account"
"how can i permanently dllete my myspace account?	Delete Account"
"how can i permanently delete my myspace accouft?	Delete Account"
"tow can i permanently delete my myspace account?	Delete Account"
"how can i permhnently delete my myspace account?	Delete Account"
"how can i nermanently delete my myspace account?	Delete Account"
"how can i permanently delete mj myspace accoutt?	Delete Account"
"how cas i permanently delete my myspace account?	Delete Account"
"how can i permanently delete my mlspace account?	Delete Account"
"how can i permanantly delete my myspace account?	Delete Account"
"how can i permanently delete my mysjace account?	Delete Account"
"how can v permanently delete my kyspace accoknt?	Delete Account"
"how can i permvnently delete my myspace account?	Delete Account"
"how can i permanently helete my qyspace account?	Delete Account"
"how can i permanently dedete my myspace account?	Delete Account"
"how can i permanently delete my myspace acczunt?	Delete Account"
"how can i permanently xelete my myspace account?	Delete Account"
"how can i perminently delete my myspace account?	Delete Account"
"how can i permanenily degete my myspace account?	Delete Account"
"how can i permanently delete ey myspace account?	Delete Account"
"hdw cag i permanently delete my myspace account?	Delete Account"
"how cjn i permanently qelete my myspace account?	Delete Account"
"how can i sermanently delete my myspace account?	Delete Account"
"how can i permanently delete ry myspace account?	Delete Account"
"How can I permanently delete my MySpace account?	Delete Account"
"how to disable/delete a harvest accoult?	Delete Account"
"htw to disable/delete i harvest account?	Delete Account"
"how to disable/delete a harvest accounv?	Delete Account"
"how to dismble/delete a harvest account?	Delete Account"
"how to disable/delete a hjrvest account?	Delete Account"
"how to disable/delete a harvest acpount?	Delete Account"
"how zo disable/delete a harvest account?	Delete Account"
"how to diyable/delete a harvest account?	Delete Account"
"how tj disable/delete j harvest account?	Delete Account"
"how to disable/delete a harvest account?	Delete Account"
"how to disable/delete a hbrvest acbount?	Delete Account"
"kow fo disable/delete a harvest account?	Delete Account"
"how to disable/delete a harjest accnunt?	Delete Account"
"how to disable/delete b harvest account?	Delete Account"
"how to disable/delete a harvest alcount?	Delete Account"
"how to disabee/delete a harvest account?	Delete Account"
"how tu disable/delete a harvest account?	Delete Account"
"hou to disable/delete a harvest account?	Delete Account"
"how to disable/delete a harvest accfunt?	Delete Account"
"how to disable/delete a rarvest account?	Delete Account"
"hov to disable/delete a harvest account?	Delete Account"
"how to disable/deletl d harvest account?	Delete Account"
"how to disable/delete a harvist account?	Delete Account"
"huw to disable/delete a harvest account?	Delete Account"
"how to disabre/delete a hawvest account?	Delete Account"
"how to dmsable/delete a haxvest account?	Delete Account"
"qow to disable/delete a harvest accouot?	Delete Account"
"how to disaole/delete a harvest account?	Delete Account"
"how tm disable/delete a harvest account?	Delete Account"
"how to disablb/delete a harvest account?	Delete Account"
"how to disable/delete g harvest account?	Delete Account"
"how wo disable/delete a harvest account?	Delete Account"
"how ty disable/delete a harvest account?	Delete Account"
"how to disable/delete a harvest aocount?	Delete Account"
"how to disable/delete r harvest account?	Delete Account"
"how to disable/delete a habvest account?	Delete Account"
"eow tu disable/delete a harvest account?	Delete Account"
"how to disbble/delete a harvest account?	Delete Account"
"how to disable/delete a harvhst account?	Delete Account"
"how to disable/delete a harvest bccount?	Delete Account"
"how to disable/delete a harveut account?	Delete Account"
"how tt disable/delete a harvest account?	Delete Account"
"hoc to disable/delete a harvest account?	Delete Account"
"how tz disable/delete a harvest account?	Delete Account"
"how to disable/delete a harvekt account?	Delete Account"
"how to wisable/delete a harvest account?	Delete Account"
"how to disable/delete x harvest account?	Delete Account"
