How do I download a YouTube video?	Download Video
How do I change my password on TV Tropes?	Change Password
Why can't I change my password and login with Skype?	Change Password
Change subject line in new Gmail compose window	None
Email Google Form daily?	None
How can I export track.scrobble data from last.fm?	Export Data
How can I backup my wordpress.com hosted blog?	Export Data
How can I sync my Yahoo! Calendar with Google Calendar?	Sync Accounts
Google Bookmarks and Chrome Bookmark Sync -- Different?	Sync Accounts
How do I sync my RunKeeper workout schedule with Google Calender?	Sync Accounts
Does using Gmail's "Never send it to Spam" filter mean I can't train their spam filter?	Filter Spam
Correctly Identifying Spam Messages	Filter Spam
Twitter and Echofon spam	Filter Spam
Totally Blocking Spam To Gmail Account	Filter Spam
Discarding spam mail faster in Gmail	Filter Spam
Stopping spam emails in Gmail by pattern	Filter Spam
Alternatives for Google Reader (with Android synchronizing)	Find Alternative
Bugmenot (registration bypasser) alternative that doesn't suck?	Find Alternative
Alternatives to Twitter	Find Alternative
Google search engine alternatives	Find Alternative
Alternatives to Google Groups with more features?	Find Alternative
Are there any good Veoh or Youtube alternatives?	Find Alternative
Mint alternatives for Canada	Find Alternative
How can I delete my Twitter account?	Delete Account
How do I delete my LinkedIn account?	Delete Account
How do I delete my Gmail account?	Delete Account
How do I delete my Experts Exchange account?	Delete Account
How do I delete my Ohloh profile?	Delete Account
How can I permanently delete my MySpace account?	Delete Account
How to disable/delete a Harvest account?	Delete Account