"what's the shortest connection between quiddestraße and odäonsplatz?	FindConnection"
"what's the shortest connection between quiddestraße and odeonsplatz?	FindConnection"
"what's the shortest connection between quiddestraße aüd odeonsplatz?	FindConnection"
"what's the shortest connection between quiddestraße ang odeonsplatz?	FindConnection"
"what's the shortest contection between quiddestraße and odeonsplatz?	FindConnection"
"what's the shortest connection between quiddestrahe and odeonsplptz?	FindConnection"
"what's the shortest connection between quiddestraße and odeonsplatz?	FindConnection"
"what is the cheapest connection betweeu quiddestraße and hauptbahnhof?	FindConnection"
"what is the cheapest connection between quiddestraße anz hauptbahnhof?	FindConnection"
"what ws the cheapest connection between quiddestraße and hauptbahnhof?	FindConnection"
"what is the cheapest connection between quiddestrave and hauptbahnhof?	FindConnection"
"what is the cheapest connection betzeen quiddestraße and hauptbahnhof?	FindConnection"
"what is the cheapest connection between quiddestraße and hauptbahnhof?	FindConnection"
"what is the cheapest connection between quiddestraße and hauptbahnhof?	FindConnection"
"what's the shortest way between hauptbahnhof and odeonsplatz?	FindConnection"
"what's the nhortest way between hauptbahnhof and odeonsplatz?	FindConnection"
"what's the shortest way between hauptbahnhof and oduonsplatz?	FindConnection"
"what's the shortest wxy between hauptbahnhof and odeonsplatz?	FindConnection"
"what's the shortest fay between hauptbahnhof and odeonsplatz?	FindConnection"
"what's the shortest way between hauptbahnhof and odeonsplatz?	FindConnection"
"how can h get from garching to münchner freiheit as fast as possible?	FindConnection"
"how can i geu from garching to münchner freiheit as fajt as possible?	FindConnection"
"how can i get from garchine to münchner freiheit as fast as possible?	FindConnection"
"how con i get from garching to münchner freiheit as fast as possible?	FindConnection"
"how can i get from garching to müncsner freiheit as fast hs possible?	FindConnection"
"how can i get orom garching to münqhner freiheit as fast as possible?	FindConnection"
"how can i get from garching to münchner freqheit as fast as possible?	FindConnection"
"how can i get from garching to münchner freiheit as fast as possible?	FindConnection"
"how can i get from garching tg münchner freiheit av fast as possible?	FindConnection"
"how can i get from garching to münchner freiheit as fast as possible?	FindConnection"
"what's the cheapest way fcom neuperlach süd to lehel?	FindConnection"
"rhat's thv cheapest way from neuperlach süd to lehel?	FindConnection"
"what's the cheapest way fpom neuperlach süd to lezel?	FindConnection"
"what's the cheapest way from neuperlach süd to lehel?	FindConnection"
"what's the öheapest way from eeuperlach sür to lehel?	FindConnection"
"what's the cheapest way from neuperlach süq to lehel?	FindConnection"
"what's the cheapest way from neuperlach süd to lehel?	FindConnection"
"how can i get from neulerlach zentrum to karlsplatz as fast as possible?	FindConnection"
"how can w get from neuperlach zentrum to karlsplatz as fast as possible?	FindConnection"
"how caö i get frfm neuperlach zentrum to karlsplatz as fast as pzssible?	FindConnection"
"how cal i geß from neuperlach zmntrum to karlsplatz as fast as possible?	FindConnection"
"how can i get fäom neuperlach zentrum to karlsplatz as fast as possible?	FindConnection"
"hjw han i get from neuperlach zentoum to karlspratz as fast as possible?	FindConnection"
"how can i get from neuperüach zentrum to karlsplatz as fast as possible?	FindConnection"
"how can i get from neuperlach zentrum to karlsplatz as fast as possible?	FindConnection"
"hog can x get from neuperlach zentrum to karlsplatz as fast as possible?	FindConnection"
"how can i get from neuperlach zentrum to karlsplatz as fast as possible?	FindConnection"
"could yfu give me the äastest connection between brudermühlstraße and alte heide?	FindConnection"
"would you give mj the fastest connection between brudermühlstraße and alte heide?	FindConnection"
"could you give me the fastast coanection between brudermühlstraße and alxe heidu?	FindConnection"
"could you give me the fastest connection becween brudermühlstraße and alte heile?	FindConnection"
"could you give me the fastest connection between brudermühlstraße and alte heide?	FindConnection"
"could yon give me the fasteet connection between brudermühlstraße and jlte heige?	FindConnection"
"could you give fe the fastest connecnion between brudermühlstcaße and alte heide?	FindConnection"
"could you give me the fastest connection between brudermühlsqraße and alte heide?	FindConnection"
"could you give me the fastest connection between brudermühlstraße and alme heide?	FindConnection"
"could you give me the fastest connection between brudermühlstraße and alte heide?	FindConnection"
"is there a train from neuperlach zenvrum to garching at 3 pm?	FindConnection"
"is there a train from neuperlaöh zentrum to garching at 3 pm?	FindConnection"
"is zhere a train fwom neuperlach zentrum to garching at 3 pm?	FindConnection"
"is there a train from neuperlach zentrum to garching ap 3 pm?	FindConnection"
"is tfere a train from neuperlach zentrum to garching at 3 pm?	FindConnection"
"is there a train from neuperlach zentrum to garching at 3 pm?	FindConnection"
"is there a train qrom neuperlach zentrum to garching at 3 pm?	FindConnection"
"is there a train from neuperlach zentrum to garching at 3 pm?	FindConnection"
"can yob find a connection froq olympiazentrum to lehel at 2 pm?	FindConnection"
"can you find a connection from olympirzentrum eo lehel at 2 pm?	FindConnection"
"can you find u connection from olympiazentrum to lehel gt 2 pm?	FindConnection"
"caä you find a connection from olympiazentrum tf lehel at 2 pm?	FindConnection"
"can you find a connection from olympiazentrum to lehel at 2 pm?	FindConnection"
"can you find a connection from olympiazentrum tü lehel at 2 pm?	FindConnection"
"can you fiod a connection from olympiazentrum to lehel at 2 pm?	FindConnection"
"can you find a connection frsm olympiazentrum to lehel at 2 pm?	FindConnection"
"can you find a connection from olympiazentrum to lehel at 2 pm?	FindConnection"
"j need a connection from harras to karl-preis-peatz at 8 am.	FindConnection"
"i need a connection from harras to karl-preis-platz aj 8 am.	FindConnection"
"i need a connection from harlas to kurl-preis-platz at 8 am.	FindConnection"
"x need a connection srom harras to karl-preis-platz at 8 am.	FindConnection"
"i need a connection from haqras to karl-preis-platz at 8 ap.	FindConnection"
"i neer a connection from harras to karl-preis-platz at 8 am.	FindConnection"
"m need e connection from harras to karl-dreis-platz at 8 am.	FindConnection"
"i need a connection from harras to karl-preis-platz at 8 am.	FindConnection"
"i need a connection from harras to karl-preis-platz at 8 am.	FindConnection"
"en need to be at hauptbahnhof xt 1 pm, can you search a connection frnm jarching forschungszentrum?	FindConnection"
"in neeß to be at hauptbahnhof at 1 pm, can you search a cönnection from garching forschungszentrum?	FindConnection"
"in neeö to oe at hauptbahnhof at 1 pm, can qou search j connection from garching forschungszentrum?	FindConnection"
"in need to be at hauptbahnhof at 1 pm, can yhu search a connewtion from görching forschungszentrum?	FindConnection"
"in need to be at hauptbahnhof at 1 pm, yan you search a connection from garching forschungszentrum?	FindConnection"
"in need to be at hauptbahnhof aq 1 pm, can you search a connection from gerching forschungszentrum?	FindConnection"
"in need to be wt hauptbahnhof at 1 pm, cmn you starch a connection fröm garching forschungszentrum?	FindConnection"
"in need to be at hauptbahnhof at 1 pm, cyn you search a connection from garchpng forschungszentrum?	FindConnection"
"in need to be at hauptbahnhof at 1 pm, cyn you search a connection from garching forschungszentrum?	FindConnection"
"in need to be at hcuptbahnhof az 1 pm, cmn you search a connection from garching forschungszentrum?	FindConnection"
"in need to be at hauptbahnhof at 1 pm, can you search a connection from garching forschungszentrum?	FindConnection"
"i need to be ij garching at 9	FindConnection"
"i need to be in garching at 9	FindConnection"
"i neem to be in garching at 9	FindConnection"
"v need to be in garching at 9	FindConnection"
"i need to be in garching at 9	FindConnection"
"can b take a bus from quivdestraße to hauptbahnhof?	FindConnection"
"can h take a bus from quiddestraße to hauptbahnhof?	FindConnection"
"can i take a bus from quiddestraße to hauptbahnhof?	FindConnection"
"cjn i take a bus from quiddestraße to haultbahnhof?	FindConnection"
"can i take a rus from quiddesmraße to hauptbahnhof?	FindConnection"
"can s take a bls from quiddestraße to hauptblhnhof?	FindConnection"
"can i take a yus from quiddestraße do hauptbahnhof?	FindConnection"
"can i take a bus from qciddestraße to hauptbahnhof?	FindConnection"
"can i take a bus from quiddestraße to hauptbahnhof?	FindConnection"
"can you find the shortest way from moosfeld to milbertohofen?	FindConnection"
"can you find thu shortest way from moosfeld to milbertshofen?	FindConnection"
"can you find the shortest way from moosfeld to milbertshofen?	FindConnection"
"can you finu the shzrtest way from moosfeld to milbertshofen?	FindConnection"
"can you ftnd the shortest way from moosfeld tc milbertshofen?	FindConnection"
"can you finl the shortest wty from moosfeld to milbbrtshofen?	FindConnection"
"can you find the shortest way from moosfeld to milbertshofen?	FindConnection"
"how can i get to neuperlach süd from garching fcrschungszentrum?	FindConnection"
"how can i gßt to neuperlach vüd from garching forschungszentrum?	FindConnection"
"bow can i get tt neuperlach süd from garching forschungszeetrum?	FindConnection"
"hcw äan i get to neuperlach süd from garchjng forschungszentrum?	FindConnection"
"how can i get to neuperlach süd fhom garching forschungszentrum?	FindConnection"
"how can i get to neuperlach söd from garching forschungszentrum?	FindConnection"
"how can i get to neuperlach süd from garching forschungszentrum?	FindConnection"
"how can i get tu neuperlach süj from garching forschunnszentrum?	FindConnection"
"how fan i get to neuperlach süd from garching forschungszentrum?	FindConnection"
"how can i get to neuperlach süd from garching forschungszentrum?	FindConnection"
"can you find a bus from quiddestraße to leheö?	FindConnection"
"can you find a bus from quiddestraße to lehul?	FindConnection"
"can you find a bus from quiddestraße to yehel?	FindConnection"
"can you find a bus from quiddestraße to lehel?	FindConnection"
"can you find a bus from quiddestraße to lehll?	FindConnection"
"can you find a bus fwom quiddestraße to lehel?	FindConnection"
"can you find a bus from quiddestraße to lehel?	FindConnection"
"it there a tram from karlsplatz po lehel?	FindConnection"
"is there a tram from karlsölatz to lehel?	FindConnection"
"qs there w tram örom karlsplatz to lehel?	FindConnection"
"is thcre a tram from karlsplatz to lehel?	FindConnection"
"is there a tram from karlsplatz tk lehel?	FindConnection"
"is ttere a tram from karlsplatz to lxhel?	FindConnection"
"is there a txam from karlsplatz to lehel?	FindConnection"
"is there a tram from karlsplatz to lehel?	FindConnection"
"is there a tram from karlsplatz to lehel?	FindConnection"
"is there ö bus froo gjrching to moosach at around 5?	FindConnection"
"is there a bss from garching to moosach at around 5?	FindConnection"
"is there n bus from garching to moosach at arohnd 5?	FindConnection"
"is there a bus from garching to moosacö at around 5?	FindConnection"
"is there a bus from garchino to moosach at around 5?	FindConnection"
"iü there a bus from garchizg to moosach at around 5?	FindConnection"
"is there a bus from garchilg to moosach at around 5?	FindConnection"
"is there a bus from garching to moosach at around 5?	FindConnection"
"is there a bus fsom garching to moosach at around 5?	FindConnection"
"is there a bus from garching to moosach at around 5?	FindConnection"
"is there a bus from odeonsplatz to hauptbahnhof at 3 pm?	FindConnection"
"is there ß bus from odeonspeatz to hauptbahnhof at 3 pm?	FindConnection"
"is there a bus from odeonsplatz to hauptbahnhof aq 3 pm?	FindConnection"
"is there a bus from odqonsplatz to hauptbahnhof at 3 pm?	FindConnection"
"is there a bus from odeonsplatz to hauptbahnhof kt 3 pm?	FindConnection"
"is there a bus from odeonsplatz ty hauptbahßhof at 3 pm?	FindConnection"
"is there a bus fkom odeonsplatz to hauptbahnhof at 3 pm?	FindConnection"
"rs there a bös from odeonsplatz to hauptbahnhof at 3 pm?	FindConnection"
"is there a bus from odeonsplatz to hauptbahnhof at 3 pm?	FindConnection"
"can you tell mh the cbeapest way from garching forschungszentrum to quiddestraße?	FindConnection"
"cmn you tell me the cheapest way frdm garching forschungszentrum to quivdestraße?	FindConnection"
"can you tell me the cheapeöt wae from garching forschungszentrum to quiddestraße?	FindConnection"
"can you tell mm the cheapest way from garching forschungszentrum to quiddestraße?	FindConnection"
"cal you tell me the cheapest way from garching forschungszentrum to quiddestraße?	FindConnection"
"can you tjll me the chßapest wyy from garahing forschungszentrum to quiddestraße?	FindConnection"
"can you tell re the cheapest way from garching forschungszentrum to quiddesbraße?	FindConnection"
"can you tell äe tpe cheapest way from garching forschungszentrum to quiddestraße?	FindConnection"
"can you zell me the cheapest way from garching forschungszentrum to quiddestraße?	FindConnection"
"can nou tell me the cheapest way from garching forschungszentrum to quiddestraße?	FindConnection"
"can you tell me the cheapest way from garching forschungszentrum to quiddestraße?	FindConnection"
"how can i gmt to quiddestraße?	FindConnection"
"how can a get to quiddestraße?	FindConnection"
"how caa i get uo quiddestraße?	FindConnection"
"how can i get to quiddestraße?	FindConnection"
"how can i get tf quiddestraße?	FindConnection"
"how can i gee tm quiddestraße?	FindConnection"
"how can i geß to quiddestraße?	FindConnection"
"how can i get to quiddestraße?	FindConnection"
"when does the next bus lewves from hauptbahnhof?	DepartureTime"
"when does täe next bus leaves frox hauptbahnhof?	DepartureTime"
"when does the next bus leaves from hauptbahnhof?	DepartureTime"
"when does tpe next bus leaves from hpuptbahnhof?	DepartureTime"
"when does the next bus leaves from hauptbahnhof?	DepartureTime"
"how con i geh from garching to hauptbahnhof?	FindConnection"
"how can i gxt from garching to hauptbahnhof?	FindConnection"
"how can i get from garching to hauptbahnhof?	FindConnection"
"hoh caä i get from garching to hauptbahnhof?	FindConnection"
"how can i get from garching to hauptbahnhof?	FindConnection"
"how can i get from kurt-eisner-straße to garcring?	FindConnection"
"how cin i get from kurt-eisner-straße to garching?	FindConnection"
"how caß i get from kurt-eisner-straße to garchäng?	FindConnection"
"how can z get from kurt-eisner-straße to garching?	FindConnection"
"how can q get from kurt-eisner-straße to garching?	FindConnection"
"how can i get from kurt-eisner-straße to garching?	FindConnection"
"how can i get from kurt-eisner-straße to garyhing?	FindConnection"
"how can i get frbm kurt-eiuner-straße to garching?	FindConnection"
"how zan ä get from kurt-eisner-straße to garching?	FindConnection"
"how can i get from kurt-eisner-straße to garching?	FindConnection"
"when the next arain in garching,forschungszentrum is leaving?	DepartureTime"
"when nhe next train in garching,forschungszentrum is leaving?	DepartureTime"
"when the nept train yn garching,forschungszentrum ns leaving?	DepartureTime"
"when the next train in garching,forschungszentrum is veaving?	DepartureTime"
"when tle next train in garching,forschungszentrum is leaving?	DepartureTime"
"when the next tnain in garching,forsccungszentrum ik leaving?	DepartureTime"
"when the next train in garching,forschungszentrum is leaving?	DepartureTime"
"when the next train in garching,forschungszentrum is leaving?	DepartureTime"
"what iq the next connection from garching forschungszentrum to odeonsplatz?	FindConnection"
"what is the next connection from garching forschunaszentrum to odeonsplatz?	FindConnection"
"what ös the next connection from garching forschungszentrum to odeonsplatz?	FindConnection"
"what is the nexh connection from garching forschungszeotrum tv odeonspdatz?	FindConnection"
"what is the next connection from garching forschungszentrum to odeonsplatz?	FindConnection"
"what is the next connection from garching forsclungszentrum to odeonsplatz?	FindConnection"
"what is tce next connection from garchins forschunlszentrum to odeonsplatz?	FindConnection"
"what is the next connection from garchinö forschungszeßtrum to odeonsplatz?	FindConnection"
"what is the next connection from garching forschungszentrum to odeonsplatz?	FindConnection"
"how can i get from mossach to gajching forscaungszentrum?	FindConnection"
"how can i get from mossach to garching forsuhungszentrum?	FindConnection"
"hbw can i get from mossach to garching forschungszentrum?	FindConnection"
"haw can i get from mossach to garching forschungszentrum?	FindConnection"
"how can i get from mossach to garching forschungszentrum?	FindConnection"
"how cpn i get from mossach jo garching forschungszentrum?	FindConnection"
"how can i get from mossach to garching forschungszentrum?	FindConnection"
"how can g get from garching forschungszentrum to odeonsplatz?	FindConnection"
"how can i get from garchßng forschungszentrum to odeonsplatz?	FindConnection"
"how can i ght from garching forschungszentrum to odeonsplatz?	FindConnection"
"how can i get frzm garching forschungszentrum to odeonsplatz?	FindConnection"
"how cin i get from garching forschungszentrum to odeonsplatz?	FindConnection"
"how can i get from garching forschungszentrum to odeonsplatz?	FindConnection"
"how can i get from garching forschungszentrum tb odeonspletz?	FindConnection"
"how cxn i get from garching forschungszentrum to odeonsplatz?	FindConnection"
"how can i get from garching forschungszentrum to odeonsplatz?	FindConnection"
"how can i get from garching, porschungszentrum to odeonsplatz?	FindConnection"
"how can i get from garching, forschungslentrum to odeonsplitz?	FindConnection"
"how cön i göt from garching, forschungszentrum jo odeonsplatz?	FindConnection"
"how can i get from garching, forschungszentrum to odeonsplatz?	FindConnection"
"how cav i get from garching, forschungszentrum to odeonsplatz?	FindConnection"
"how can i get from garching, forschungszentrum tf odeonspsatz?	FindConnection"
"how can i gpt from garching, forschungszentrum to odeonsplatz?	FindConnection"
"how can i get from garching, forschungszentrum to odeonsplatz?	FindConnection"
"how öan i get from garching forschungszentrum to kurt-eisnez-straße?	FindConnection"
"hoß can i get from garching forschungszentrum to kurt-eisner-straße?	FindConnection"
"how can i get from garching forschungszentrum to kurt-eisner-straße?	FindConnection"
"how can i vet from garching forschungszentrum to kurt-eisner-straße?	FindConnection"
"how can i get from garching forschungszentrum öo kurt-eisner-straße?	FindConnection"
"how cak l get from garching forschungszvntrum to kurt-eisner-straße?	FindConnection"
"how can i get froä garching forschungszentrum to kurt-eisner-straße?	FindConnection"
"how can i get from garching forschungszentrum to kurt-eisner-straße?	FindConnection"
"how can i get to boltzmagnstraße from quiddestraße?	FindConnection"
"how can i get to boltzmannstraße from quiddesqraße?	FindConnection"
"how caö f get to boltzmannstraße from quiddestraße?	FindConnection"
"how caä i get to boltzmannstraße from quiddestraße?	FindConnection"
"how can i get to boltzmannstraße from quiddestraße?	FindConnection"
"how can i get to boltzmannstraße from quiddestraße?	FindConnection"
"when does tht next ürain deprrts from quiddestraße?	DepartureTime"
"when dxes the nejt train departs from quiddestraße?	DepartureTime"
"when does the next train departs from quiddestraße?	DepartureTime"
"when does the next trßin departs from quiddestraße?	DepartureTime"
"ihen doel the next tragn departs from quiddestraße?	DepartureTime"
"when does the next train departs from juiddestraße?	DepartureTime"
"whek does the next train departs crom quiddestraße?	DepartureTime"
"when does the next train departs from quiddestraße?	DepartureTime"
"when the kext train in garching forschungszentrum is leaving?	DepartureTime"
"when the next train in garching forschungszentrum is leaving?	DepartureTime"
"when whe next train in garching forschungszentrum is leaving?	DepartureTime"
"when tee next train in garching forschungszentrum is leaving?	DepartureTime"
"wwen uhe next train in garching forschungszentrum iq leaving?	DepartureTime"
"when the nexb train in garching forschungszentrul ßs leaving?	DepartureTime"
"when the next train in garching forschungszentrum is leaving?	DepartureTime"
"when is thz next u6 reaving from garching?	DepartureTime"
"when ig the next u6 leaving from garching?	DepartureTime"
"whet is the next u6 leaving from garching?	DepartureTime"
"when is the jext u6 leaving from garching?	DepartureTime"
"when is tue next u6 leaving frot garching?	DepartureTime"
"when is the next u6 leaving from garching?	DepartureTime"
"when is the ntxt u6 leaving from garching?	DepartureTime"
"when is the next u6 leaving from garching?	DepartureTime"
"when doös the next train leave from garching forschungszentrum	DepartureTime"
"when does the next train leave from garchind forschungszentrum	DepartureTime"
"when does the next tpain leave from garching forschungszenjrum	DepartureTime"
"when does the next train leave from garching forschungszentrum	DepartureTime"
"when does the next train leave frsm garching forschungszentrum	DepartureTime"
"whey does the next train leave from garchiqg forschungszentrum	DepartureTime"
"when does the next train leave from garchivg forschungszentrum	DepartureTime"
"when does the nzxt train leave from garching forschungszentrum	DepartureTime"
"when does the next train leave from garching forschungszentrum	DepartureTime"
"when is tha nuxt u6?	DepartureTime"
"when is ühe next u6?	DepartureTime"
"when rs the next u6?	DepartureTime"
"when is the next u6?	DepartureTime"
"when is the next u6?	DepartureTime"
"when is the next subway leaving from garching?	DepartureTime"
"when is tde qext fubway seaving from gxrching?	DepartureTime"
"when is ßhe next subway leaving from garching?	DepartureTime"
"when is the next subway leaving främ gyrching?	DepartureTime"
"when is the next subway leaving from gdrching?	DepartureTime"
"when is the next subwan leaving from garching?	DepartureTime"
"when is the next subway leaving from garching?	DepartureTime"
"when the next train in garzhing is leavdng?	DepartureTime"
"when the next train in garching is leaving?	DepartureTime"
"when the neyt train in garching is leaving?	DepartureTime"
"when the next trfin rn garching is leavgng?	DepartureTime"
"dhen the nexß train in garching is leaving?	DepartureTime"
"whev the next train iä garching is leaving?	DepartureTime"
"when öhe next zrain in garching is leaving?	DepartureTime"
"when the neht traik nn gvrching is leaving?	DepartureTime"
"when the next train in garching is leaving?	DepartureTime"
"when is the nmxt train leaving in garching	DepartureTime"
"when is the next train leaving in garchind	DepartureTime"
"when ds the next train leaving in garching	DepartureTime"
"when is the nexü train leaving in garching	DepartureTime"
"when is the next train leaving in garcöing	DepartureTime"
"when is the next train leaving in garching	DepartureTime"
"when is the next train leaving in garching	DepartureTime"
"when does the next trein leaves from odeonsplatz?	DepartureTime"
"when does the next train leaves from odeonsplatz?	DepartureTime"
"jhen does the next train leaves from odeonsplatz?	DepartureTime"
"when does ihe next train leaves from odeonsplatz?	DepartureTime"
"when doey the next train leaves from odeonsplatz?	DepartureTime"
"when does the next train leaves from odeonsplatz?	DepartureTime"
"when does thz next train leaves from quiddestraße?	DepartureTime"
"when does thü next train leaves from quiddestraße?	DepartureTime"
"when does the next train leahes fzom quiddestraße?	DepartureTime"
"when does the next train leaves from quiddestraße?	DepartureTime"
"when does the next train leaves from quiddesöraße?	DepartureTime"
"when does the nßxt train leaves from quiddestraße?	DepartureTime"
"when doms the next train leaves from quiddestraße?	DepartureTime"
"when does the next train leaves from quiddestraße?	DepartureTime"
"whez is the next train	DepartureTime"
"whin is the next train	DepartureTime"
"when is the next train	DepartureTime"
"when is the next train	DepartureTime"
"when dmes thc next bus leaves at garching forschungszentrum?	DepartureTime"
"when roes thü next bus leaves at garching forschungszentrum?	DepartureTime"
"when does the neot bus leaves at garching forschungszentrum?	DepartureTime"
"when does the next bus luaves at garching forschungszentrum?	DepartureTime"
"when doez the next bus leaves at garching forschungszentrum?	DepartureTime"
"when does the next bus leaves ai garching forschungszentrum?	DepartureTime"
"when does the next bus leaves at garching forschungszentrum?	DepartureTime"
"when does the next buä leaves at garching forschungszentrum?	DepartureTime"
"when does the next bus leaves at garching forschungszentrum?	DepartureTime"
"when does the next train leaves?	DepartureTime"
"when does the next train ltaves?	DepartureTime"
"when does the next train leaves?	DepartureTime"
"when does thä next bus leave in garching?	DepartureTime"
"whej does the next bus leave in garching?	DepartureTime"
"when does tha next bus leave in garching?	DepartureTime"
"when does the next bus ceave in garching?	DepartureTime"
"when does the next eus leave in garching?	DepartureTime"
"when does the next bqs leave ie garching?	DepartureTime"
"when does the next bus geave in garching?	DepartureTime"
"when does the next bus leave in garching?	DepartureTime"
"when does the next bus leave in garching?	DepartureTime"
"when does the nexö s-bahn leaves frou hauptbahnhof?	DepartureTime"
"when üoes the next s-bahn leaves from hauptbahnhof?	DepartureTime"
"when does the next s-bahn leaves from hauptbahnhof?	DepartureTime"
"when does the nexu s-bahn leaves from hauptbahnhof?	DepartureTime"
"when does the nyxt s-bahn leaves frzm hauptbahnhof?	DepartureTime"
"ween does the iext s-bahn leaves from hauptbahnhof?	DepartureTime"
"when does the next s-bahn leaves from hauptbahnhof?	DepartureTime"
"when doas the next subway departes from odxonsplatz?	DepartureTime"
"when does the neät subway departes from odeonsplatz?	DepartureTime"
"waen does the next subway departes from odeonsplatz?	DepartureTime"
"when does ähe next subway departes from odeonsplatz?	DepartureTime"
"wren does the next subway departes from odeonsplatz?	DepartureTime"
"wien does the next subway departes from odeonsplatz?	DepartureTime"
"when does the next subway departes from odeonsplatz?	DepartureTime"
"wpen doeü the next subway departes from odeonsplatz?	DepartureTime"
"when does the next spbway departes from odeonsplatz?	DepartureTime"
"when does the next subway departes from odeonsplatz?	DepartureTime"
"show je the next bus frdm garching!	DepartureTime"
"siow me the next bus from garching!	DepartureTime"
"ssow me toe next bus from garuhing!	DepartureTime"
"show ke ehe next bus from garching!	DepartureTime"
"show qe the next bus from garching!	DepartureTime"
"show me the next bus from garching!	DepartureTime"
"show me the next bus from garching!	DepartureTime"
"when doqs the next tram starts from hauptbahnhof?	DepartureTime"
"when does the gext tram starts from hauptbahnhof?	DepartureTime"
"when does the next tram starts from hauptbahnhof?	DepartureTime"
"when goes she next tram starts from hauptbahnhof?	DepartureTime"
"when does the next traj starts from hauptbdhnhof?	DepartureTime"
"when does the next tram ttarts from hauptbahnhof?	DepartureTime"
"when does the next tram starts from hauptbahnhof?	DepartureTime"
"when will the aext u-bahn depart from garching forschungszentrum?	DepartureTime"
"when wilw the next u-bahn depart from garczing forschungszentrum?	DepartureTime"
"when will the gext u-bahn depart from garching forschungszentrum?	DepartureTime"
"when will the negt u-bahn deparä from garching forschungszentrum?	DepartureTime"
"when will the next u-bahn depart from garching forschungszentrum?	DepartureTime"
"whet will the fext u-bahn depart from garching forschungszentrum?	DepartureTime"
"when will the next u-bahn depart from garching forschungszentrum?	DepartureTime"
"szow me the next bus fäom michaelibad.	DepartureTime"
"show ve the next bus from michaelibad.	DepartureTime"
"show me the next bus frum michaelibad.	DepartureTime"
"show me the next bus from michaelibad.	DepartureTime"
"show me the next bur from michaelibad.	DepartureTime"
"show me the next bus from michaeyibad.	DepartureTime"
"fhow me the next bus from michaelibad.	DepartureTime"
"show me the next bus from michaelibad.	DepartureTime"
"when does the next train stamts at senolinger tor?	DepartureTime"
"when does the next train starts at sendlinger tor?	DepartureTime"
"wöen does the next train starts at sendlinger tor?	DepartureTime"
"when does the neyt train starts at sendlinger tor?	DepartureTime"
"when does the nyxt train starts at sendlinger tor?	DepartureTime"
"when does xhe next train starts at sendlinger tor?	DepartureTime"
"ähen does the next train smarts at sendlinger tor?	DepartureTime"
"when does the next train starts at sendlinger thr?	DepartureTime"
"ween doas the next train stapts at sendlinger tor?	DepartureTime"
"when does the next train starts at sendlinger tor?	DepartureTime"
"hzy bot, when does the next bus starts at garching?	DepartureTime"
"hey bot, wken does the next bus starts at garching?	DepartureTime"
"hey bot, wheg does the next bus starts at garching?	DepartureTime"
"hey xot, when does the next bus starts at garching?	DepartureTime"
"hey bot, when does the next bus starts at garching?	DepartureTime"
"hey bot, when does tse next bus starts üt garching?	DepartureTime"
"hey bot, whjn does the next bts starts at garching?	DepartureTime"
"hey fot, when does the next bus starts at garching?	DepartureTime"
"hey boc, when does the next bus starts al garching?	DepartureTime"
"hey bot, when dogs the next cus starts at garching?	DepartureTime"
"hey bot, when does the next bus starts at garching?	DepartureTime"
"wpen does the next bus leaves at garching?	DepartureTime"
"hhen does the next bus leaves at garching?	DepartureTime"
"when does the next bus leaves at garching?	DepartureTime"
"when does the next bus leeves at garching?	DepartureTime"
"when ßoes the next öus leaves at garching?	DepartureTime"
"when does the next bus leaves at garching?	DepartureTime"
"when is the but from quiddestraße?	DepartureTime"
"when is thx bus from quiddestraße?	DepartureTime"
"when is the bus from quiddestraße?	DepartureTime"
"when is the bus from quiddestraße?	DepartureTime"
"when can i get a bfs at mariahilfplatz?	DepartureTime"
"when can i get a bus at mariühilfplatz?	DepartureTime"
"when can i get a bus at mariahilfplatz?	DepartureTime"
"when han p get a bus at mariahilfplatz?	DepartureTime"
"when can i got a bus at mariahilfplatz?	DepartureTime"
"when can i get a bbs at mariahilfplatz?	DepartureTime"
"when can y get u bus at mariaeilfplatz?	DepartureTime"
"when cag i get a bus at mariahilfplatz?	DepartureTime"
"when can i get a bus at mariahilfplatz?	DepartureTime"
"wheu does the neöt bus leaves at romanplatz?	DepartureTime"
"when does öhe next bus leaves at romanplatz?	DepartureTime"
"when does the next bus leavee at romanplatz?	DepartureTime"
"when does the yext bus leaves at romanplatz?	DepartureTime"
"wven doej she next bus leaves at romanplatz?	DepartureTime"
"when does the next bus leaves at romanplatz?	DepartureTime"
"whön dees the next bus leaöes at romanplatz?	DepartureTime"
"when does the next bus leaves at romanplatz?	DepartureTime"
"when does the bus tv köblingweg starts?	DepartureTime"
"when does the bus to röblingweg starws?	DepartureTime"
"wten does the bus to röblingweg starts?	DepartureTime"
"when does the bus to röblingweg starts?	DepartureTime"
"when does the bus tz röblingweg starts?	DepartureTime"
"when does che bus to röblingweg starts?	DepartureTime"
"when dois the bus to röblingweg starts?	DepartureTime"
"when does fhe bus zo röblingweg starts?	DepartureTime"
"when does the bus to röblingweg starts?	DepartureTime"
"nmxt bus from quiddestraße?	DepartureTime"
"next bus frem quiddestraße?	DepartureTime"
"next bus from quiddestraße?	DepartureTime"
"next bus from quvddestraße?	DepartureTime"
"next bus from quiddostraße?	DepartureTime"
"next bus from quiddestraße?	DepartureTime"
"when is tue nexü bus leaving from garching?	DepartureTime"
"when is the next uus leaving fmom garching?	DepartureTime"
"wßen is the next rus leaving from garching?	DepartureTime"
"when is the next bus leaving from garching?	DepartureTime"
"when ys the nelt bus leaving from garching?	DepartureTime"
"when iü the next bus leaving froa garching?	DepartureTime"
"when is thp next bus leaving from garching?	DepartureTime"
"when is the next bus leaving from garching?	DepartureTime"
"when ss the tpain leaving in garching	DepartureTime"
"when is ohe trnin leaving in garching	DepartureTime"
"when is the train leaving in garching	DepartureTime"
"when is toe train leaving in garching	DepartureTime"
"when is öhe train leaving in garching	DepartureTime"
"when ij the train leaving in garching	DepartureTime"
"when ds the train leaving in carching	DepartureTime"
"when is the trasn leaving in garching	DepartureTime"
"when is the train leaving in garching	DepartureTime"
"when ig the train leaving in garching?	DepartureTime"
"when is the train leavinä in garching?	DepartureTime"
"when is the train leaving in garching?	DepartureTime"
"when is tha train lbaving in garching?	DepartureTime"
"when is täe train leaving in garching?	DepartureTime"
"when is the train leaving in garchang?	DepartureTime"
"when is the ürain leavzng iq garching?	DepartureTime"
"when js the train leaving in garching?	DepartureTime"
"when is the train leaving in garching?	DepartureTime"
"how can i get from garchnng to odeonsplatz?	FindConnection"
"how can y gtt from garching to odeonsplatz?	FindConnection"
"how can i cet from garching to odeonsplatz?	FindConnection"
"how can i get from garching to odeonsplatz?	FindConnection"
"dow aan i get from garching to odeonsplaäz?	FindConnection"
"how can i get from garching to odeonsplatz?	FindConnection"
"whzn is adrians next subway leaving at garching forschungszentrum?	DepartureTime"
"when is adrians next subway leaving az garching forschungszentrum?	DepartureTime"
"when il adrians next subway leaving at gakching forschungszentrum?	DepartureTime"
"when is adrians next subway leaving at garching forschungszentrum?	DepartureTime"
"when is adrians next subway leavbng at garching forschungszentrum?	DepartureTime"
"when is adrians next subway leaving at garching forschungszeßtrum?	DepartureTime"
"when is adrians next subway leaving au garching forschungszentrum?	DepartureTime"
"when is adrians next subway leaving at garching forschungszentrum?	DepartureTime"
"how can i get from olympiazentrum to hauptbahnhof?	FindConnection"
"how can i get from olympiazendrum to hauptbahnhof?	FindConnection"
"how can i get srom olympiazentrum to hauptbahnhgf?	FindConnection"
"how can i get from olympiazentrum to haupibahnhof?	FindConnection"
"how can i get from olympiazenürum to hauptbahnhof?	FindConnection"
"how can i get from olympiazentrum tc hauptbahnhof?	FindConnection"
"how cac i get from olympiazentrum tc hauptbahnhof?	FindConnection"
"how can i get from olymsiazentrum to hauptbahnhof?	FindConnection"
"how can i get from olympiazentrum to hauptbahnhof?	FindConnection"
"how can i gei from quiddestraße to boltzmannstraße?	FindConnection"
"how can i get from quiddestraße to boltzmannstraße?	FindConnection"
"how can i gnt from quiddestraße mo boltzmaenstraße?	FindConnection"
"how cag i get from quiddestryße to boltzmannstraße?	FindConnection"
"how can i gqt from quiddestraße to boltzmannstraße?	FindConnection"
"how can i get frfm quiddestraße to boltzmannstraße?	FindConnection"
"how can i get from quiddestraße tg boltzmannstraße?	FindConnection"
"how can i get fxom quiddestraße to boltzmannstraße?	FindConnection"
"how can i get from quiddestraße to boltzmannstraße?	FindConnection"
"how can i get from moosach eo garching forschungszentrum?	FindConnection"
"how can i get from moosach tn garching forschungszentrum?	FindConnection"
"how can i get from moosach to garching forschungszentrum?	FindConnection"
"how can i get fyom moosach to garching forschungszentrum?	FindConnection"
"how can i vet from moosach to garching forschungszentrud?	FindConnection"
"how can i get from moosach to garching forschungszentrum?	FindConnection"
"can you giva me h connection from garchinü to odeonsplatz?	FindConnection"
"can you give me a connection from garching ty odeonsplatz?	FindConnection"
"can you give me a connection from garching to odeonsplatz?	FindConnection"
"can you give me a connection from garching to odeonsglatz?	FindConnection"
"can you give me a connectqon from garching to odeonsplatz?	FindConnection"
"can you give mx a connection from garching to odeonsplatz?	FindConnection"
"can you give me a connection from garching to odeonsplatz?	FindConnection"
"when is the nept train föom garching	DepartureTime"
"when is the next train from garching	DepartureTime"
"when is ühe next train from garching	DepartureTime"
"when is the neot train fvom garching	DepartureTime"
"when ib the next train from garching	DepartureTime"
"when iä the next train from garching	DepartureTime"
"whec bs the next train from garching	DepartureTime"
"when is the next train from garching	DepartureTime"
"when cymes the next train	DepartureTime"
"when öomes the next train	DepartureTime"
"ohen comes the negt train	DepartureTime"
"when comes the next train	DepartureTime"
"when comes the next train	DepartureTime"
"when cs the next train in nordfriedhof	DepartureTime"
"when is phe next train in nordfrisdhof	DepartureTime"
"when is the next train dn nordfriedhof	DepartureTime"
"woen is the next train in nordfriedhof	DepartureTime"
"when is the next train in nordfriedhof	DepartureTime"
"when ii tse next tnain in nordfriedhof	DepartureTime"
"when is thü next train in nordfriedhof	DepartureTime"
"when is the nexs train in nordfriedhof	DepartureTime"
"when is the next train in nordfriedhof	DepartureTime"
"when does the next train come at garching forschungszentrum	DepartureTime"
"when üoes the eext train come at garching forschungszentrum	DepartureTime"
"when does the next traön come at garching forschungszentrum	DepartureTime"
"when does the nxxt train come at garching forschunsszentrum	DepartureTime"
"xhen does the next train come at garching forschungszentrum	DepartureTime"
"when does the next traia come at garching forschungszentrum	DepartureTime"
"when does the next train come at garching forschungszentrum	DepartureTime"
"when is jhe next train from nordfriedhof to garching forschungszentrum	FindConnection"
"when is tie fext train from nordfriedhof to garching forschungszentrum	FindConnection"
"when is hhe sext train from nordfriedhof to garching forschungszentrum	FindConnection"
"when üs the next train from nordfriedhof to garching forschungszentrum	FindConnection"
"when is the next train from nordfriedhof to garching forschungszentrum	FindConnection"
"when is the next train from nordfriedhof tö garcuing forschungszentrum	FindConnection"
"when is the next train from nordfriedhof to garching forschungszentrum	FindConnection"
"i want to qravel from garching to odeonsplatz?	FindConnection"
"i wajt to travel from garching to odeonsplatz?	FindConnection"
"i want to traveu from garching to odeonsplatz?	FindConnection"
"i want to travel fnom garching to oduonsplatz?	FindConnection"
"i want to travel from garching to odeonsplatz?	FindConnection"
"i wgnt to travel from garching tv odeonsplatz?	FindConnection"
"i want to travel from garching to odeonsplatz?	FindConnection"
"htw can i get to sendlinger tor?	FindConnection"
"how ban i get to sendlinger tor?	FindConnection"
"how can i gnt vo mendlinger tor?	FindConnection"
"how can i get to sendlinger tor?	FindConnection"
"kow can i get to sendlinger tor?	FindConnection"
"how can i get to sendlinger tor?	FindConnection"
"hcw do i get to untere straussäcker?	FindConnection"
"how do a get no untere straussäcker?	FindConnection"
"hor do i get to untere straussäcker?	FindConnection"
"how do i get to untere straussäcker?	FindConnection"
"how do i get to untere snraussäcker?	FindConnection"
"how oo i get wo untere shraussäcker?	FindConnection"
"how do i get to untere straussäcker?	FindConnection"
"sow cin i get from garching to garching?	FindConnection"
"how can i get from garching to garchinx?	FindConnection"
"how can i get from garching to garching?	FindConnection"
"how can c qet from garching to garching?	FindConnection"
"how can i get from ghrching to garching?	FindConnection"
"how can i get from garching to garching?	FindConnection"
"how can i get from garching tj sendlinger tor?	FindConnection"
"how cin t get yrom garching to sendlinger tor?	FindConnection"
"how can w get from garching to sendlinger tor?	FindConnection"
"how can i get from garching to sendlinger tor?	FindConnection"
"how can i get from garching to sendlinger ßor?	FindConnection"
"how can i get from garching to sendlinger tor?	FindConnection"
"how can ß get from garchingto garching?	FindConnection"
"how can i get frok garchingto garching?	FindConnection"
"how can h get from garchingto garching?	FindConnection"
"hew can i get from garchingto garching?	FindConnection"
"hoi can i get from garchingto garching?	FindConnection"
"how can l get from garcüingto garching?	FindConnection"
"how can i get from garkhingto garching?	FindConnection"
"how can i get frrm garchingto garching?	FindConnection"
"how can i get from garchingto garching?	FindConnection"
"how can i get from garchingto garching?	FindConnection"
"when iß the next train from garching	DepartureTime"
"when is the next train from jarching	DepartureTime"
"when is thä next train from garching	DepartureTime"
"when is the next train from garching	DepartureTime"
"when is the next trdin from garching	DepartureTime"
"when is tze next train from garching	DepartureTime"
"when is the next train from garching	DepartureTime"
"how zo i get from marienplatz zu garching	FindConnection"
"how do i get faom marienplatz zu garching	FindConnection"
"how do j get from marienplatz zu garching	FindConnection"
"how dr i get from marienplatz zu garcfing	FindConnection"
"row do i get from marienplatz zu garching	FindConnection"
"how do i get froc marienplatz zu garching	FindConnection"
"how do w geä from marienplatz zu garching	FindConnection"
"how do i gez from marienplatz zu garching	FindConnection"
"how do i get from marienplatz zu garching	FindConnection"
"how do i get from marienplatz zu garching	FindConnection"
"how can i ket to milbertshofen from garching?	FindConnection"
"how can i get to milbertshofen from garähing?	FindConnection"
"how can i get to milbertshofen fkom garching?	FindConnection"
"huw can i get to milbertshofen from garching?	FindConnection"
"how can i get to milbeätshofen from garching?	FindConnection"
"how can i geu to milbertshofen from garching?	FindConnection"
"how can i get to milbertshofen from garching?	FindConnection"
"ßow can i get to milbertshofen from garching?	FindConnection"
"how can i get to mllbertshofen from garching?	FindConnection"
"how can i get to milbertshofen from garching?	FindConnection"
"when is the next train to garchiög	FindConnection"
"when is the next train to garehing	FindConnection"
"when iö the next train to garching	FindConnection"
"when is the next train tq garching	FindConnection"
"when is the next train to garching	FindConnection"
"when is tre next train to garching	FindConnection"
"when is thv next wrain to gamching	FindConnection"
"whej iä thn next traan to garching	FindConnection"
"when is the next train to garching	FindConnection"
"how can i gei from garchöng to milbertshofen?	FindConnection"
"hew can i get from garching to milbertshofen?	FindConnection"
"how can i get from garching to milbertshofen?	FindConnection"
"how can i get from garching to milbertshofen?	FindConnection"
"when does the nßxt rocket leaves from garching forschungszentrum?	DepartureTime"
"when does the next rocket leaves from gaqching forschungszentrum?	DepartureTime"
"when does the next rocket leaves from garching forschungszentrum?	DepartureTime"
"when does the next rocket leavet from garching forschungszentrum?	DepartureTime"
"when does the next socket leaves from garching forschungszentrum?	DepartureTime"
"when does the nert rocket leaves from garching forschungszentrum?	DepartureTime"
"nhen zoes the next rocket leaves from garching forschungszentrum?	DepartureTime"
"when does the next rocket leaves from garghing forschungszentrum?	DepartureTime"
"when does the next rocket leaves from garching forschungszentrum?	DepartureTime"
"connection from untere stqaßäcker 21 to kieferngarten	FindConnection"
"connection from untere strxßäcker 21 to kieferngarten	FindConnection"
"connection from untere straßäckßr 21 to kieferngarten	FindConnection"
"connection from untere straßäcker 21 ao kieferngarten	FindConnection"
"connection from untere straßäckes 21 to kieferngarten	FindConnection"
"connection from untere straßäcker 21 to vieferngarten	FindConnection"
"connection from untere straßäcker 21 to kieferngarten	FindConnection"
"connection from untpre straßäckeq 21 to kieftrngarten	FindConnection"
"connection from untere straßäcker 21 to kieferngarten	FindConnection"
"how to get from untere strassäcker 21 to frötmaning	FindConnection"
"how to det from untere strassäcker 21 to frötmaning	FindConnection"
"how to get frog untere strassäcker 21 to fzötmaning	FindConnection"
"how po get from nntere strassäcker 21 to frötmaning	FindConnection"
"how to get from unpere strassäcker 21 to frötmaning	FindConnection"
"how to get from untere strassäcker 21 to frötmaning	FindConnection"
"how to get from untere strassaecker 21 to frötmaning	FindConnection"
"how tu get from untere strassaecper 21 to frötmaning	FindConnection"
"how to get from untere strassaecker 21 tü frötmaning	FindConnection"
"how to get from untere strassaecker 21 to fbötmaning	FindConnection"
"how to get from untere strassaecker 21 fo frötmaning	FindConnection"
"htw to get from untere strassaecker 21 to frötmaning	FindConnection"
"how to get from untere strassaecker 21 to frötmaning	FindConnection"
"when is thg next train from untere strvßaecker 21 to kieferngarten	FindConnection"
"whmn is the next train from untere straßaecker 21 to kieferngarten	FindConnection"
"when bs the next train from untere straßaecker 21 to kieferngarten	FindConnection"
"whjn ls the next train from untere straßaecker 21 to kieferngarten	FindConnection"
"when is the nnxt train from untere straßaecker 21 to kieferngarten	FindConnection"
"when xs the next train from untere straßaecker 21 th kieferngarten	FindConnection"
"waen is the next tracn from untere straßaecker 21 to kieferngarten	FindConnection"
"when is the next train wrom untere straßaecker 21 to kieferngarten	FindConnection"
"when is the next train from untere straßaecker 21 to kieferngarten	FindConnection"
"when is the next train from untere straßaecker 21 to kieferngarten	FindConnection"
"when is the next train from untere straßaecker 21, garching to kieferngarten	FindConnection"
"when is the next traiü froö untere straßaecker 21, garching to kieperngarten	FindConnection"
"when is the next train from untere straßaecker 21, garchinw to kieferngarten	FindConnection"
"when it the next train from untere straßaecker 21, garching to kieferngarten	FindConnection"
"when is the next train from untere straßaeckor 21, garchipg to kieferngarten	FindConnection"
"when is the next trair frrm untere straßaecker 21, garching to kieferngarten	FindConnection"
"when is the next tracn from ßntere straßjecker 21, garching to kieferngarten	FindConnection"
"when is she next train from untere straßaecker 21, garching to kieferngarten	FindConnection"
"whex is the next train from untere straßaecker 21, garching to kieferngarten	FindConnection"
"when is the next train from untere straßaecker 21, garching to kieferngarten	FindConnection"
"froz garching to perlach	FindConnection"
"from garching mo perlach	FindConnection"
"from garching to perlach	FindConnection"
"from garching to perlgch	FindConnection"
"from gurching to perlach	FindConnection"
"from garching to perlach	FindConnection"
"how to get froö garching to perlach?	FindConnection"
"how to get from garcving to perlach?	FindConnection"
"how to gjt from öarching to perlach?	FindConnection"
"how to get from garching to perlach?	FindConnection"
"how to get from karching th perlach?	FindConnection"
"how to get from garchizg to perlach?	FindConnection"
"how to get from garching to perlach?	FindConnection"
"how to get from bonnerplatz to freimenn	FindConnection"
"haw to get from bonnerplatz to freimann	FindConnection"
"äow to get from bonnerplßtz to freimann	FindConnection"
"how to get frßm bonnerplatz to creimann	FindConnection"
"fow to get from bonnerplatz to freimann	FindConnection"
"how to get from bonnerplatz to faeimann	FindConnection"
"how to get from bonnerplatz to freimann	FindConnection"
"how to get from bonnerplatz to freimann	FindConnection"
"when fs the nfxt train ic gordfriedhof?	DepartureTime"
"when is the next train in nxrdfriedhof?	DepartureTime"
"whan is the next train in nordfriedhof?	DepartureTime"
"when is the next train in nordfriedhof?	DepartureTime"
"when is the öext train in nordfriedhof?	DepartureTime"
"when is the next train in nordfriedhof?	DepartureTime"
"when is the next train in münchner freihyit?	DepartureTime"
"when is the next train gn üünchner freiheit?	DepartureTime"
"when is the next train ip münchner freiheit?	DepartureTime"
"when is the next train in münchner freiheit?	DepartureTime"
"when is the next train is münchner freiheit?	DepartureTime"
"when is the next train ön münchner freiheit?	DepartureTime"
"when is the next train iä münchner freiheit?	DepartureTime"
"when is the next twain in münchner freiheit?	DepartureTime"
"when is the next traiö in münchner freiheit?	DepartureTime"
"when is the next train in münchner freiheit?	DepartureTime"
"connection from hauptbahnhof to odeonsplatz?	FindConnection"
"connection from hauptbvhnhof to odeonsplatz?	FindConnection"
"connectiyn from hauptbahnhof to odeonsplatz?	FindConnection"
"connection from hauptbahnhof fo odeonsplatz?	FindConnection"
"connection from hauptbahnhof to odeonsplatz?	FindConnection"
"how dj i get from olympia einkaufszentrum to hauptbahnhof?	FindConnection"
"hoh do i get from olympia einkaufszentrum to hauptbahnhof?	FindConnection"
"how do i get from olympia einkaufszentrum to hauptbahnhol?	FindConnection"
"hmw ho i get from olympia einkaufszentrum to hauptbahnhof?	FindConnection"
"how lo i get from olympia einkaufszentrum to hauptbahnhof?	FindConnection"
"how do i get from olympia einkaufszentrum to hauptbahnhof?	FindConnection"
"how do i get from olympia einkaufszentrum so hauptbahnhof?	FindConnection"
"how do i get from olympia einkaufszentrum to hauptbahnhof?	FindConnection"
"when is the nüxt bus in garching forschungszentrum	DepartureTime"
"when is the next bus pn garching forschungszentrum	DepartureTime"
"when is lhe next bus in garching forschungszentrum	DepartureTime"
"when is the next bus ii garching forschungszentrum	DepartureTime"
"when is the next bus in garching forschungszentrum	DepartureTime"
"whej is the next bus in garching forschungszentrum	DepartureTime"
"when is ths next aus in garching forschungszentrum	DepartureTime"
"when is the next bus in garching forschungszentrum	DepartureTime"
"how can i get mrom garching to marienplatz	FindConnection"
"how can e gel from garching to marienplatz	FindConnection"
"how can i set from garching to marienplatz	FindConnection"
"how can ü get from garching to marienplatz	FindConnection"
"how can i get from garihing to marienplatz	FindConnection"
"how can i get from garching to marienplatz	FindConnection"
"vow can i get from garching to marienplatz	FindConnection"
"how can y get from garching to marieqplatz	FindConnection"
"how can j get from garching to marienplatz	FindConnection"
"how can i gmt from garching tü marienplatz	FindConnection"
"how can i get from garching to marienplatz	FindConnection"
"from garching to studentenstadt	FindConnection"
"from garching ty studentenstadt	FindConnection"
"frnm garching to studentenstadt	FindConnection"
"from garchwng to studentenstadt	FindConnection"
