How to record my screen?	None
How can I highlight or annotate PDFs?	None
Is it worth upgrading from 12.04 LTS to 13.04	Make Update
Upgrade to 12.04 64 bit	Make Update
How to upgrade Ubuntu 14.04.1 to 14.04.2?	Make Update
Upgrading from Ubuntu 14.04 to 15.04	Make Update
how to upgrade from ubuntu 15.04 to 15.10?	Make Update
Upgrade 12.04 to 12.10 using startup disk	Make Update
How to Upgrade from 11.10 to 12.04 when you've got a problem?	Make Update
Update 11.04 to 12.04 with LiveCD	Make Update
How to upgrade Ubuntu 9.10 to 12.10 via terminal?	Make Update
How to upgrade from Ubuntu 10.10 to 11.04?	Make Update
No matter what I do Ubuntu 15.04 does not recognize HP LaserJet 1020	Setup Printer
How to setup HP printer/scanner on ubuntu?	Setup Printer
How do I setup my HP C4140 printer wirelessly?	Setup Printer
How to setup wireless printing from a printer connected via usb on Ubuntu Server 12.10?	Setup Printer
How can I install a Pantum 2502W laser printer on Ubuntu	Setup Printer
Install Canon MP560 Ubuntu 15.04	Setup Printer
How to install a Brother MFC-5890CN network printer?	Setup Printer
How do I install drivers for a Konica Minolta 200?	Setup Printer
How do I install drivers for the Panasonic MB1900CX All-in-One Printer/Scanner?	Setup Printer
How To Install Canon LBP2900B printer in 14.04 LTS ? I tried the method for LBP2900 but it didnt work	Setup Printer
Any command line calculator for Ubuntu?	Software Recommendation
Extracting embedded images from a PDF	Software Recommendation
What to use to quickly cut Audio/Video	Software Recommendation
Torrent client for the command-line?	None
MySQL GUI Tools	Software Recommendation
What developer text editors are available for Ubuntu?	Software Recommendation
What screenshot tools are available?	Software Recommendation
Which programs can I use to edit PDF files?	Software Recommendation
Is there a lightweight tool to crop images quickly?	Software Recommendation
What IRC clients are available?	Software Recommendation
What new games are available for Ubuntu in 2011?	Software Recommendation
UPNP / DLNA (client) player recommendations?	Software Recommendation
What scientific plotting software is available?	Software Recommendation
Can you recommend a password generator?	Software Recommendation
What tools do you use to monitor a web server?	Software Recommendation
What is a good MongoDB GUI client?	Software Recommendation
Password Management Applications?	Software Recommendation
Is there an application for reading mobi files?	Software Recommendation
shut down without extra question	Shutdown Computer
How to shutdown computer when users are logged on?	Shutdown Computer
What is the proper terminal-way to shutdown?	Shutdown Computer
How can I automatically shutdown the system after a specific time?	Shutdown Computer
Hotkey to shut down from login screen?	Shutdown Computer
How to shutdown the computer after Xsession ends?	Shutdown Computer
How can one shutdown a PC using the keyboard?	Shutdown Computer
How can I enable shutdown verbosity?	Shutdown Computer
Are there any Keyboard Shortcuts to Shutdown?	Shutdown Computer
Shutdown after a certain time	Shutdown Computer
Shutdown problem in Ubuntu 16.04	Shutdown Computer
How do I fix a shutdown problem?	Shutdown Computer
What graphical utility can I use for Ubuntu auto shutdown?	Shutdown Computer